Sample,SOURCE,SITE,DISTRICT,QUARRY,MARBLE GROUP basic,MARBLE GROUP,Afygroup,SELECT,MGS,d18O,d13C
D1,CNRset98,Afyon,Afyon,Bacakale,Afyon,Bacakale,Afyon,,"1,50","-4,72","0,91"
D2,CNRset98,Afyon,Afyon,Bacakale,Afyon,Bacakale,Afyon,,"1,30","-5,32","-0,84"
D3,CNRset98,Afyon,Afyon,Bacakale,Afyon,Bacakale,Afyon,,"0,90","-4,96","0,64"
D4,CNRset98,Afyon,Afyon,Bacakale,Afyon,Bacakale,Afyon,,"0,60","-5,09","-0,76"
D5,CNRset98,Afyon,Afyon,Bacakale,Afyon,Bacakale,Afyon,,"0,90","-4,54","-0,75"
D6,CNRset98,Afyon,Afyon,Bacakale,Afyon,Bacakale,Afyon,,"0,60","-4,54","-1,44"
D7,CNRset98,Afyon,Afyon,Bacakale,Afyon,Bacakale,Afyon,,"1,50","-5,16","-0,15"
D7bis,CNRset98,Afyon,Afyon,Bacakale,Afyon,Bacakale,Afyon,,"1,00","-4,87","0,48"
D8,CNRset98,Afyon,Afyon,Bacakale,Afyon,Bacakale,Afyon,,"1,00","-5,42","0,07"
D9,CNRset98,Afyon,Afyon,Bacakale,Afyon,Bacakale,Afyon,,"1,05","-5,92","0,64"
D10,CNRset98,Afyon,Afyon,Bacakale,Afyon,Bacakale,Afyon,,"1,10","-4,61","0,59"
D11,CNRset98,Afyon,Afyon,Bacakale,Afyon,Bacakale,Afyon,,"1,25","-3,17","1,67"
D12,CNRset98,Afyon,Afyon,Bacakale,Afyon,Bacakale,Afyon,,"1,40","-6,53","0,97"
D13,CNRset98,Afyon,Afyon,Bacakale,Afyon,Bacakale,Afyon,,"0,90","-5,92","0,86"
D14,CNRset98,Afyon,Afyon,Bacakale,Afyon,Bacakale,Afyon,,"0,90","-3,59","1,44"
D15,CNRset98,Afyon,Afyon,Bacakale,Afyon,Bacakale,Afyon,,"1,30","-7,08","1,99"
D23,CNRset98,Afyon,Afyon,Rd-II,Afyon,Rd-II/V,Afyon,,"1,00","-3,23","2,78"
D24,CNRset98,Afyon,Afyon,Rd-II,Afyon,Rd-II/V,Afyon,,"0,90","-3,20","2,58"
D25,CNRset98,Afyon,Afyon,Rd-II,Afyon,Rd-II/V,Afyon,,"0,65","-3,21","2,53"
D26,CNRset98,Afyon,Afyon,Rd-II,Afyon,Rd-II/V,Afyon,,"1,00","-3,13","2,62"
D27,CNRset98,Afyon,Afyon,Rd-II,Afyon,Rd-II/V,Afyon,,"1,20","-3,47","2,57"
D28,CNRset98,Afyon,Afyon,Rd-II,Afyon,Rd-II/V,Afyon,,"0,90","-3,79","2,35"
D29,CNRset98,Afyon,Afyon,Rd-II,Afyon,Rd-II/V,Afyon,,"0,70","-3,91","2,52"
D30,CNRset98,Afyon,Afyon,Rd-II,Afyon,Rd-II/V,Afyon,,"0,90","-2,43","2,17"
D30bis,CNRset98,Afyon,Afyon,Rd-II,Afyon,Rd-II/V,Afyon,,"0,70","-3,65","2,40"
D31,CNRset98,Afyon,Afyon,Rd-II,Afyon,Rd-II/V,Afyon,,"0,90","-3,93","2,72"
D32,CNRset98,Afyon,Afyon,Rd-II,Afyon,Rd-II/V,Afyon,,"0,70","-3,16","1,78"
D33,CNRset98,Afyon,Afyon,Rd-II,Afyon,Rd-II/V,Afyon,,"0,60","-3,11","2,34"
D34,CNRset98,Afyon,Afyon,Rd-II,Afyon,Rd-II/V,Afyon,,"0,65","-3,33","2,34"
D35,CNRset98,Afyon,Afyon,Rd-II,Afyon,Rd-II/V,Afyon,,"0,70","-3,37","2,57"
D36,CNRset98,Afyon,Afyon,Rd-II,Afyon,Rd-II/V,Afyon,,"0,75","-3,15","2,51"
D37,CNRset98,Afyon,Afyon,Rd-II,Afyon,Rd-II/V,Afyon,,"0,70","-2,98","2,45"
D38,CNRset98,Afyon,Afyon,Rd-V,Afyon,Rd-II/V,Afyon,,"0,55","-7,51","2,43"
D39,CNRset98,Afyon,Afyon,Rd-V,Afyon,Rd-II/V,Afyon,,"0,60","-5,02","2,71"
D40,CNRset98,Afyon,Afyon,Rd-V,Afyon,Rd-II/V,Afyon,,"0,65","-3,06","2,96"
D41,CNRset98,Afyon,Afyon,Rd-V,Afyon,Rd-II/V,Afyon,,"0,70","-4,48","2,23"
D42,CNRset98,Afyon,Afyon,Rd-V,Afyon,Rd-II/V,Afyon,,"0,70","-3,42","2,68"
D43,CNRset98,Afyon,Afyon,Rd-V,Afyon,Rd-II/V,Afyon,,"0,70","-3,62","3,08"
D44,CNRset98,Afyon,Afyon,Rd-V,Afyon,Rd-II/V,Afyon,,"0,70","-4,77","2,04"
D45,CNRset98,Afyon,Afyon,Rd-V,Afyon,Rd-II/V,Afyon,,"0,75","-3,73","2,52"
D46,CNRset98,Afyon,Afyon,Rd-V,Afyon,Rd-II/V,Afyon,,"0,55","-2,83","2,58"
D47,CNRset98,Afyon,Afyon,Rd-V,Afyon,Rd-II/V,Afyon,,"0,90","-7,11","1,98"
D48,CNRset98,Afyon,Afyon,Rd-V,Afyon,Rd-II/V,Afyon,,"1,05","-2,32","2,18"
D49,CNRset98,Afyon,Afyon,Rd-V,Afyon,Rd-II/V,Afyon,,"0,75","-2,80","2,72"
D50,CNRset98,Afyon,Afyon,Rd-V,Afyon,Rd-II/V,Afyon,,"0,70","-2,81","2,29"
D51,CNRset98,Afyon,Afyon,Rd-V,Afyon,Rd-II/V,Afyon,,"0,90","-2,46","2,18"
D52,CNRset98,Afyon,Afyon,Rd-V,Afyon,Rd-II/V,Afyon,,"0,60","-2,43","2,35"
D53,CNRset98,Afyon,Afyon,Rd-V,Afyon,Rd-II/V,Afyon,,"0,70","-3,01","2,56"
D54,CNRset98,Afyon,Afyon,Rd-V,Afyon,Rd-II/V,Afyon,,"0,80","-2,92","2,23"
D55,CNRset98,Afyon,Afyon,Rd-V,Afyon,Rd-II/V,Afyon,,"0,90","-2,80","2,56"
D59,CNRset98,Afyon,Afyon,Rd-III/IV,Afyon,Rd-III/IV,Afyon,,"1,40","-3,11","2,82"
D60,CNRset98,Afyon,Afyon,Rd-III/IV,Afyon,Rd-III/IV,Afyon,,"0,60","-3,55","2,53"
D61,CNRset98,Afyon,Afyon,Rd-III/IV,Afyon,Rd-III/IV,Afyon,,"0,65","-5,36","2,42"
D62,CNRset98,Afyon,Afyon,Rd-III/IV,Afyon,Rd-III/IV,Afyon,,"0,70","-6,52","2,59"
D63,CNRset98,Afyon,Afyon,Rd-III/IV,Afyon,Rd-III/IV,Afyon,,"0,60","-6,86","2,46"
D64,CNRset98,Afyon,Afyon,Rd-III/IV,Afyon,Rd-III/IV,Afyon,,"0,75","-6,44","2,61"
D65,CNRset98,Afyon,Afyon,Rd-III/IV,Afyon,Rd-III/IV,Afyon,,"0,70","-5,41","2,56"
D66,CNRset98,Afyon,Afyon,Rd-III/IV,Afyon,Rd-III/IV,Afyon,,"0,90","-6,94","2,00"
D67,CNRset98,Afyon,Afyon,Rd-III/IV,Afyon,Rd-III/IV,Afyon,,"0,50","-7,69","1,83"
D68,CNRset98,Afyon,Afyon,Rd-III/IV,Afyon,Rd-III/IV,Afyon,,"0,90","-4,83","1,33"
D69,CNRset98,Afyon,Afyon,Rd-III/IV,Afyon,Rd-III/IV,Afyon,,"1,10","-4,02","0,48"
D70,CNRset98,Afyon,Afyon,Rd-III/IV,Afyon,Rd-III/IV,Afyon,,"0,70","-4,82","1,56"
D71,CNRset98,Afyon,Afyon,Rd-III/IV,Afyon,Rd-III/IV,Afyon,,"1,10","-4,53","0,91"
D72,CNRset98,Afyon,Afyon,Rd-III/IV,Afyon,Rd-III/IV,Afyon,,"0,80","-4,51","0,87"
D73,CNRset98,Afyon,Afyon,Rd-III/IV,Afyon,Rd-III/IV,Afyon,,"1,10","-4,48","0,42"
A2.8.1,CNRset02,Aphrod,Ridge2,Rdg2-8,Aphrodisias,Aphrod,Aphrod,,"1,10","-6,13","-2,74"
A2.8.2,CNRset02,Aphrod,Ridge2,Rdg2-8,Aphrodisias,Aphrod,Aphrod,,"1,10","-3,33","0,18"
A2.8.3,CNRset02,Aphrod,Ridge2,Rdg2-8,Aphrodisias,Aphrod,Aphrod,,"1,40","-2,85","1,07"
A2.9.1,CNRset02,Aphrod,Ridge2,Rdg2-9,Aphrodisias,Aphrod,Aphrod,,"1,40","-3,56","-0,68"
A2.9.2,CNRset02,Aphrod,Ridge2,Rdg2-9,Aphrodisias,Aphrod,Aphrod,,"1,50","-3,79","-0,04"
A2.9.3,CNRset02,Aphrod,Ridge2,Rdg2-9,Aphrodisias,Aphrod,Aphrod,,"1,50","-3,74","0,29"
A2.12.1,CNRset02,Aphrod,Ridge2,Rdg2-12,Aphrodisias,Aphrod,Aphrod,,"2,20","-2,76","-2,17"
A2.12.2,CNRset02,Aphrod,Ridge2,Rdg2-12,Aphrodisias,Aphrod,Aphrod,,"1,50","-2,96","0,77"
A2.12.3,CNRset02,Aphrod,Ridge2,Rdg2-12,Aphrodisias,Aphrod,Aphrod,,"1,50","-2,26","1,29"
A2.13.1,CNRset02,Aphrod,Ridge2,Rdg2-13,Aphrodisias,Aphrod,Aphrod,,"1,40","-2,05","-1,67"
A2.13.2,CNRset02,Aphrod,Ridge2,Rdg2-13,Aphrodisias,Aphrod,Aphrod,,"1,30","-2,52","0,23"
A2.13.3,CNRset02,Aphrod,Ridge2,Rdg2-13,Aphrodisias,Aphrod,Aphrod,,"1,30","-2,52","1,17"
A2.13.4,CNRset02,Aphrod,Ridge2,Rdg2-13,Aphrodisias,Aphrod,Aphrod,,"1,60","-2,44","0,32"
A2.18.1,CNRset02,Aphrod,Ridge2,Rdg2-18,Aphrodisias,Aphrod,Aphrod,,"2,80","-3,70","1,86"
A2.18.2,CNRset02,Aphrod,Ridge2,Rdg2-18,Aphrodisias,Aphrod,Aphrod,,"2,00","-3,49","2,17"
A2.18.3,CNRset02,Aphrod,Ridge2,Rdg2-18,Aphrodisias,Aphrod,Aphrod,,"2,50","-3,80","1,78"
A2.18.4,CNRset02,Aphrod,Ridge2,Rdg2-18,Aphrodisias,Aphrod,Aphrod,,"2,50","-3,61","1,95"
A2.18.5,CNRset02,Aphrod,Ridge2,Rdg2-18,Aphrodisias,Aphrod,Aphrod,,"2,40","-3,21","2,23"
A2.18.6,CNRset02,Aphrod,Ridge2,Rdg2-18,Aphrodisias,Aphrod,Aphrod,,"2,80","-3,29","1,88"
A2.19.1,CNRset02,Aphrod,Ridge2,Rdg2-19,Aphrodisias,Aphrod,Aphrod,,"2,00","-3,82","1,90"
A2.19.2,CNRset02,Aphrod,Ridge2,Rdg2-19,Aphrodisias,Aphrod,Aphrod,,"2,40","-5,41","-0,66"
A2.19.3,CNRset02,Aphrod,Ridge2,Rdg2-19,Aphrodisias,Aphrod,Aphrod,,"1,00","-3,02","2,10"
A2.19.4,CNRset02,Aphrod,Ridge2,Rdg2-19,Aphrodisias,Aphrod,Aphrod,,"1,40","-4,35","1,87"
A2.20a.1,CNRset02,Aphrod,Ridge2,Rdg2-20,Aphrodisias,Aphrod,Aphrod,,"0,10","-3,13","2,18"
A2.20a.2,CNRset02,Aphrod,Ridge2,Rdg2-20,Aphrodisias,Aphrod,Aphrod,,"1,40","-3,20","2,24"
A2.20a.3,CNRset02,Aphrod,Ridge2,Rdg2-20,Aphrodisias,Aphrod,Aphrod,,"2,30","-3,71","2,04"
A2.20ab1,CNRset02,Aphrod,Ridge2,Rdg2-20,Aphrodisias,Aphrod,Aphrod,,"2,40","-4,96","1,45"
A2.20ab2,CNRset02,Aphrod,Ridge2,Rdg2-20,Aphrodisias,Aphrod,Aphrod,,"2,10","-5,15","0,56"
A2.20ab3,CNRset02,Aphrod,Ridge2,Rdg2-20,Aphrodisias,Aphrod,Aphrod,,"2,10","-4,39","1,45"
A2.20ab4,CNRset02,Aphrod,Ridge2,Rdg2-20,Aphrodisias,Aphrod,Aphrod,,"1,40","-4,02","2,21"
A2.20ab5,CNRset02,Aphrod,Ridge2,Rdg2-20,Aphrodisias,Aphrod,Aphrod,,"2,20","-3,95","1,77"
A2.26.1,CNRset02,Aphrod,Ridge2,Rdg2-26,Aphrodisias,Aphrod,Aphrod,,"2,10","-3,83","1,18"
A2.27.1,CNRset02,Aphrod,Ridge2,Rdg2-27,Aphrodisias,Aphrod,Aphrod,,"2,20","-3,47","2,38"
A2.27.2,CNRset02,Aphrod,Ridge2,Rdg2-27,Aphrodisias,Aphrod,Aphrod,,"2,10","-2,87","1,78"
A2.27.3,CNRset02,Aphrod,Ridge2,Rdg2-27,Aphrodisias,Aphrod,Aphrod,,"2,20","-3,51","2,25"
A2.29.1,CNRset02,Aphrod,Ridge2,Rdg2-29,Aphrodisias,Aphrod,Aphrod,,"2,20","-2,97","2,50"
A2.29.2,CNRset02,Aphrod,Ridge2,Rdg2-29,Aphrodisias,Aphrod,Aphrod,,"0,20","-4,60","-0,51"
A2.30.2,CNRset02,Aphrod,Ridge2,Rdg2-30,Aphrodisias,Aphrod,Aphrod,,"1,10","-3,09","2,21"
A2.31.1,CNRset02,Aphrod,Ridge2,Rdg2-31,Aphrodisias,Aphrod,Aphrod,,"1,40","-4,49","1,08"
A2.31.2,CNRset02,Aphrod,Ridge2,Rdg2-31,Aphrodisias,Aphrod,Aphrod,,"2,50","-3,29","2,03"
A2.31.3,CNRset02,Aphrod,Ridge2,Rdg2-31,Aphrodisias,Aphrod,Aphrod,,"0,50","-4,49","1,89"
A2.33.1,CNRset02,Aphrod,Ridge2,Rdg2-33,Aphrodisias,Aphrod,Aphrod,,"2,50","-3,18","2,24"
A2.33.2,CNRset02,Aphrod,Ridge2,Rdg2-33,Aphrodisias,Aphrod,Aphrod,,"1,90","-4,54","1,36"
A2.33.3,CNRset02,Aphrod,Ridge2,Rdg2-33,Aphrodisias,Aphrod,Aphrod,,"2,40","-3,50","2,28"
Aphr21,CNR9-98,Aphrod,Ridge2,Ridge2,Aphrodisias,Aphrod,Aphrod,,"2,40","-2,88","2,11"
Aphr22,CNR9-98,Aphrod,Ridge2,Ridge2,Aphrodisias,Aphrod,Aphrod,,"2,50","-5,38","-0,47"
Aphr23,CNR9-98,Aphrod,Ridge2,Ridge2,Aphrodisias,Aphrod,Aphrod,,"2,50","-2,79","2,14"
Aphr24,CNR9-98,Aphrod,Ridge2,Ridge2,Aphrodisias,Aphrod,Aphrod,,"2,50","-3,27","2,22"
Aphr25,CNR9-98,Aphrod,Ridge2,Ridge2,Aphrodisias,Aphrod,Aphrod,,"1,70","-5,08","2,17"
Aphr26,CNR9-98,Aphrod,Ridge2,Ridge2,Aphrodisias,Aphrod,Aphrod,,"2,90","-3,15","2,22"
Aphr27,CNR9-98,Aphrod,Ridge2,Ridge2,Aphrodisias,Aphrod,Aphrod,,"3,20","-4,04","1,96"
Aphr28,CNR9-98,Aphrod,Ridge2,Ridge2,Aphrodisias,Aphrod,Aphrod,,"2,50","-4,15","1,98"
Aphr210,CNR9-98,Aphrod,Ridge2,Ridge2,Aphrodisias,Aphrod,Aphrod,,"2,80","-3,55","1,82"
Aphr211,CNR9-98,Aphrod,Ridge2,Ridge2,Aphrodisias,Aphrod,Aphrod,,"4,00","-3,27","1,99"
Aphr213,CNR9-98,Aphrod,Ridge2,Ridge2,Aphrodisias,Aphrod,Aphrod,,"3,20","-3,77","1,58"
Aphr229,CNR9-98,Aphrod,Ridge2,Ridge2,Aphrodisias,Aphrod,Aphrod,,"2,50","-3,30","2,14"
Aphr34,CNR9-98,Aphrod,Ridge3,Ridge3,Aphrodisias,Aphrod,Aphrod,,"3,00","-3,39","1,39"
Aphr35,CNR9-98,Aphrod,Ridge3,Ridge3,Aphrodisias,Aphrod,Aphrod,,"2,90","-2,95","2,17"
Aphr36,CNR9-98,Aphrod,Ridge3,Ridge3,Aphrodisias,Aphrod,Aphrod,,"3,00","-3,30","2,29"
Aphr36b,CNR9-98,Aphrod,Ridge3,Ridge3,Aphrodisias,Aphrod,Aphrod,,"2,30","-3,49","2,16"
Aphr37,CNR9-98,Aphrod,Ridge3,Ridge3,Aphrodisias,Aphrod,Aphrod,,"3,30","-3,21","2,21"
Aphr38,CNR9-98,Aphrod,Ridge3,Ridge3,Aphrodisias,Aphrod,Aphrod,,"2,10","-3,20","2,04"
Aphr310,CNR9-98,Aphrod,Ridge3,Ridge3,Aphrodisias,Aphrod,Aphrod,,"3,30","-3,71","2,09"
Aphr313,CNR9-98,Aphrod,Ridge3,Ridge3,Aphrodisias,Aphrod,Aphrod,,"4,00","-3,77","1,58"
Aphr314,CNR9-98,Aphrod,Ridge3,Ridge3,Aphrodisias,Aphrod,Aphrod,,"1,60","-5,56","1,49"
Aphr315,CNR9-98,Aphrod,Ridge3,Ridge3,Aphrodisias,Aphrod,Aphrod,,"2,80","-2,99","1,67"
Aphr316,CNR9-98,Aphrod,Ridge3,Ridge3,Aphrodisias,Aphrod,Aphrod,,"2,30","-6,46","1,73"
Aphr317,CNR9-98,Aphrod,Ridge3,Ridge3,Aphrodisias,Aphrod,Aphrod,,"2,50","-3,08","1,74"
Aphr319,CNR9-98,Aphrod,Ridge3,Ridge3,Aphrodisias,Aphrod,Aphrod,,"2,40","-3,48","1,88"
Aphr320,CNR9-98,Aphrod,Ridge3,Ridge3,Aphrodisias,Aphrod,Aphrod,,"2,50","-3,45","2,15"
Aphr42,CNR9-98,Aphrod,Ridge4,Ridge4,Aphrodisias,Aphrod,Aphrod,,"2,00","-3,93","1,43"
Aphr43,CNR9-98,Aphrod,Ridge4,Ridge4,Aphrodisias,Aphrod,Aphrod,,"2,30","-3,64","1,62"
Aphr44,CNR9-98,Aphrod,Ridge4,Ridge4,Aphrodisias,Aphrod,Aphrod,,"2,10","-3,87","1,86"
Aphr45,CNR9-98,Aphrod,Ridge4,Ridge4,Aphrodisias,Aphrod,Aphrod,,"2,70","-3,21","1,96"
Aphr46,CNR9-98,Aphrod,Ridge4,Ridge4,Aphrodisias,Aphrod,Aphrod,,"2,30","-3,29","1,94"
Aphr47,CNR9-98,Aphrod,Ridge4,Ridge4,Aphrodisias,Aphrod,Aphrod,,"2,80","-3,07","1,66"
Aphr48,CNR9-98,Aphrod,Ridge4,Ridge4,Aphrodisias,Aphrod,Aphrod,,"2,50","-2,97","2,07"
Aphr49,CNR9-98,Aphrod,Ridge4,Ridge4,Aphrodisias,Aphrod,Aphrod,,"2,20","-3,04","1,86"
Aphr410,CNR9-98,Aphrod,Ridge4,Ridge4,Aphrodisias,Aphrod,Aphrod,,"3,10","-3,12","2,06"
Aphr411,CNR9-98,Aphrod,Ridge4,Ridge4,Aphrodisias,Aphrod,Aphrod,,"1,92","-3,76","2,05"
Af5,Rock-Ponti,Aphrod,Aphrod,Aphrod,Aphrodisias,Aphrod,Aphrod,,"2,50","-3,32","2,12"
Af6,Rock-Ponti,Aphrod,Aphrod,Aphrod,Aphrodisias,Aphrod,Aphrod,,"1,60","-3,64","1,94"
Af9,Rock-Ponti,Aphrod,Aphrod,Aphrod,Aphrodisias,Aphrod,Aphrod,,"2,00","-3,53","1,76"
Af12,Rock-Ponti,Aphrod,Aphrod,Aphrod,Aphrodisias,Aphrod,Aphrod,,"2,00","-2,93","2,55"
Af13,Rock-Ponti,Aphrod,Aphrod,Aphrod,Aphrodisias,Aphrod,Aphrod,,"2,00","-3,18","2,51"
Af14,Rock-Ponti,Aphrod,Aphrod,Aphrod,Aphrodisias,Aphrod,Aphrod,,"2,00","-3,79","1,02"
Af15,Rock-Ponti,Aphrod,Aphrod,Aphrod,Aphrodisias,Aphrod,Aphrod,,"1,70","-3,00","-1,43"
Af17,Rock-Ponti,Aphrod,Aphrod,Aphrod,Aphrodisias,Aphrod,Aphrod,,"1,20","-2,67","0,39"
Af19,Rock-Ponti,Aphrod,Aphrod,Aphrod,Aphrodisias,Aphrod,Aphrod,,"1,30","-2,66","0,31"
Af20,Rock-Ponti,Aphrod,Aphrod,Aphrod,Aphrodisias,Aphrod,Aphrod,,"1,30","-3,00","1,20"
Af21,Rock-Ponti,Aphrod,Aphrod,Aphrod,Aphrodisias,Aphrod,Aphrod,,"1,70","-4,17","0,74"
Af23,Rock-Ponti,Aphrod,Aphrod,Aphrod,Aphrodisias,Aphrod,Aphrod,,"1,20","-2,52","-1,14"
Af24,Rock-Ponti,Aphrod,Aphrod,Aphrod,Aphrodisias,Aphrod,Aphrod,,"2,00","-3,75","0,67"
Af27,Rock-Ponti,Aphrod,Aphrod,Aphrod,Aphrodisias,Aphrod,Aphrod,,"2,50","-3,64","1,97"
Af28,Rock-Ponti,Aphrod,Aphrod,Aphrod,Aphrodisias,Aphrod,Aphrod,,"1,80","-3,44","0,02"
Af29,Rock-Ponti,Aphrod,Aphrod,Aphrod,Aphrodisias,Aphrod,Aphrod,,"2,00","-3,20","0,75"
Af30,Rock-Ponti,Aphrod,Aphrod,Aphrod,Aphrodisias,Aphrod,Aphrod,,"3,00","-3,90","2,16"
Af31,Rock-Ponti,Aphrod,Aphrod,Aphrod,Aphrodisias,Aphrod,Aphrod,,"2,00","-3,82","1,44"
Af32,Rock-Ponti,Aphrod,Aphrod,Aphrod,Aphrodisias,Aphrod,Aphrod,,"2,90","-2,50","0,34"
Af33a,Rock-Ponti,Aphrod,Aphrod,Aphrod,Aphrodisias,Aphrod,Aphrod,,"2,00","-2,71","-0,89"
Af33b,Rock-Ponti,Aphrod,Aphrod,Aphrod,Aphrodisias,Aphrod,Aphrod,,"1,50","-2,42","0,37"
Af35,Rock-Ponti,Aphrod,Aphrod,Aphrod,Aphrodisias,Aphrod,Aphrod,,"1,50","-2,50","1,11"
Af38,Rock-Ponti,Aphrod,Aphrod,Aphrod,Aphrodisias,Aphrod,Aphrod,,"4,50","-3,46","-0,31"
Tr2,CNRgiu97,Carrara,Torano,Sponda1,Carrara,Carrara,Carrara,,"0,70","-1,64","2,17"
Tr3,CNRgiu97,Carrara,Torano,Sponda1,Carrara,Carrara,Carrara,,"0,70","-2,10","2,20"
Tr4,CNRgiu97,Carrara,Torano,Sponda1,Carrara,Carrara,Carrara,,"0,40","-1,26","2,62"
Tr5,CNRgiu97,Carrara,Torano,Sponda1,Carrara,Carrara,Carrara,,"1,05","-1,89","2,32"
Tr6,CNRgiu97,Carrara,Torano,Sponda1,Carrara,Carrara,Carrara,,"0,60","-1,79","2,22"
Tr7,CNRgiu97,Carrara,Torano,Sponda1,Carrara,Carrara,Carrara,,"1,00","-2,14","2,05"
Tr8,CNRgiu97,Carrara,Torano,Sponda1,Carrara,Carrara,Carrara,,"0,40","-1,76","2,16"
Tr9,CNRgiu97,Carrara,Torano,Sponda1,Carrara,Carrara,Carrara,,"0,80","-2,27","2,09"
Tr10,CNRgiu97,Carrara,Torano,Sponda1,Carrara,Carrara,Carrara,,"1,30","-1,96","2,13"
Tr2.7,CNRgiu97,Carrara,Torano,Sponda2,Carrara,Carrara,Carrara,,"1,05","-1,56","2,48"
Tr2.8,CNRgiu97,Carrara,Torano,Sponda2,Carrara,Carrara,Carrara,,"1,00","-0,74","2,48"
Tr2.10,CNRgiu97,Carrara,Torano,Sponda2,Carrara,Carrara,Carrara,,"0,40","-0,46","2,41"
Tr2.12,CNRgiu97,Carrara,Torano,Sponda2,Carrara,Carrara,Carrara,,"0,80","-0,55","2,50"
P1.1,CNRgiu97,Carrara,Torano,Polvacc,Carrara,Carrara,Carrara,,"0,85","-1,35","2,29"
P1.2,CNRgiu97,Carrara,Torano,Polvacc,Carrara,Carrara,Carrara,,"0,70","-1,83","2,19"
P1.3,CNRgiu97,Carrara,Torano,Polvacc,Carrara,Carrara,Carrara,,"0,75","-1,80","2,20"
P1.4,CNRgiu97,Carrara,Torano,Polvacc,Carrara,Carrara,Carrara,,"0,90","-2,40","2,04"
P1.5,CNRgiu97,Carrara,Torano,Polvacc,Carrara,Carrara,Carrara,,"0,80","-1,93","2,13"
P1.6,CNRgiu97,Carrara,Torano,Polvacc,Carrara,Carrara,Carrara,,"0,80","-1,64","2,00"
P1.7,CNRgiu97,Carrara,Torano,Polvacc,Carrara,Carrara,Carrara,,"0,80","-1,55","2,03"
P1.8,CNRgiu97,Carrara,Torano,Polvacc,Carrara,Carrara,Carrara,,"1,00","-1,48","1,81"
P1.11,CNRgiu97,Carrara,Torano,Polvacc,Carrara,Carrara,Carrara,,"0,70","-1,60","2,04"
P1.12,CNRgiu97,Carrara,Torano,Polvacc,Carrara,Carrara,Carrara,,"1,00","-1,51","2,00"
P1.13,CNRgiu97,Carrara,Torano,Polvacc,Carrara,Carrara,Carrara,,"1,00","-1,68","2,24"
P1.15,CNRgiu97,Carrara,Torano,Polvacc,Carrara,Carrara,Carrara,,"0,70","-1,61","2,08"
P1.16,CNRgiu97,Carrara,Torano,Polvacc,Carrara,Carrara,Carrara,,"0,90","-1,55","2,07"
P1.17,CNRgiu97,Carrara,Torano,Polvacc,Carrara,Carrara,Carrara,,"0,60","-1,80","1,96"
P1.18,CNRgiu97,Carrara,Torano,Polvacc,Carrara,Carrara,Carrara,,"1,00","-1,82","1,99"
P1.19,CNRgiu97,Carrara,Torano,Polvacc,Carrara,Carrara,Carrara,,"1,00","-1,61","2,27"
P1.20,CNRgiu97,Carrara,Torano,Polvacc,Carrara,Carrara,Carrara,,"0,65","-1,48","1,93"
P1.21,CNRgiu97,Carrara,Torano,Polvacc,Carrara,Carrara,Carrara,,"0,70","-2,17","2,14"
R1,CNRgiu97,Carrara,Torano,Ravacc,Carrara,Carrara,Carrara,,"0,90","-2,41","2,04"
R3,CNRgiu97,Carrara,Torano,Ravacc,Carrara,Carrara,Carrara,,"0,85","-2,04","2,10"
R4,CNRgiu97,Carrara,Torano,Ravacc,Carrara,Carrara,Carrara,,"1,10","-2,43","2,02"
R5,CNRgiu97,Carrara,Torano,Ravacc,Carrara,Carrara,Carrara,,"1,25","-2,00","2,00"
R7,CNRgiu97,Carrara,Torano,Ravacc,Carrara,Carrara,Carrara,,"0,50","-2,68","2,04"
R8,CNRgiu97,Carrara,Torano,Ravacc,Carrara,Carrara,Carrara,,"0,90","-2,76","2,19"
Fa1,CNRgiu97,Carrara,Miseglia,Fantiscr,Carrara,Carrara,Carrara,,"0,60","-2,05","2,16"
Fa2,CNRgiu97,Carrara,Miseglia,Fantiscr,Carrara,Carrara,Carrara,,"0,75","-2,01","2,11"
Fa3,CNRgiu97,Carrara,Miseglia,Fantiscr,Carrara,Carrara,Carrara,,"0,70","-2,07","2,10"
Fa4,CNRgiu97,Carrara,Miseglia,Fantiscr,Carrara,Carrara,Carrara,,"0,65","-2,83","2,15"
Fa7,CNRgiu97,Carrara,Miseglia,Fantiscr,Carrara,Carrara,Carrara,,"0,60","-2,18","2,05"
Fa8,CNRgiu97,Carrara,Miseglia,Fantiscr,Carrara,Carrara,Carrara,,"1,10","-2,08","2,16"
Fa9,CNRgiu97,Carrara,Miseglia,Fantiscr,Carrara,Carrara,Carrara,,"0,60","-2,09","2,20"
Fa10,CNRgiu97,Carrara,Miseglia,Fantiscr,Carrara,Carrara,Carrara,,"1,10","-2,25","2,15"
Fa2.1,CNRgiu97,Carrara,Miseglia,Fantiscr,Carrara,Carrara,Carrara,,"0,70","-2,82","2,16"
Fa2.2,CNRgiu97,Carrara,Miseglia,Fantiscr,Carrara,Carrara,Carrara,,"0,65","-2,42","2,07"
Fa2.3,CNRgiu97,Carrara,Miseglia,Fantiscr,Carrara,Carrara,Carrara,,"0,80","-2,73","2,14"
Fa2.4,CNRgiu97,Carrara,Miseglia,Fantiscr,Carrara,Carrara,Carrara,,"1,00","-2,20","2,31"
Fa2.6,CNRgiu97,Carrara,Miseglia,Fantiscr,Carrara,Carrara,Carrara,,"0,60","-2,43","2,02"
Fa2.8,CNRgiu97,Carrara,Miseglia,Fantiscr,Carrara,Carrara,Carrara,,"0,60","-2,91","2,14"
Fa2.9,CNRgiu97,Carrara,Miseglia,Fantiscr,Carrara,Carrara,Carrara,,"0,80","-2,42","2,06"
Fa2.10,CNRgiu97,Carrara,Miseglia,Fantiscr,Carrara,Carrara,Carrara,,"1,10","-2,76","2,17"
Fa2.11,CNRgiu97,Carrara,Miseglia,Fantiscr,Carrara,Carrara,Carrara,,"0,60","-3,01","2,11"
Fa2.12,CNRgiu97,Carrara,Miseglia,Fantiscr,Carrara,Carrara,Carrara,,"0,90","-2,78","2,14"
Fa2.14,CNRgiu97,Carrara,Miseglia,Fantiscr,Carrara,Carrara,Carrara,,"0,65","-2,72","2,01"
Fa2.15,CNRgiu97,Carrara,Miseglia,Fantiscr,Carrara,Carrara,Carrara,,"0,70","-2,57","2,30"
Fa2.20,CNRgiu97,Carrara,Miseglia,Fantiscr,Carrara,Carrara,Carrara,,"0,65","-2,48","2,17"
C1,CNRgiu97,Carrara,Miseglia,Canalgr,Carrara,Carrara,Carrara,,"0,90","-1,93","2,06"
C2,CNRgiu97,Carrara,Miseglia,Canalgr,Carrara,Carrara,Carrara,,"0,70","-2,15","2,10"
C3,CNRgiu97,Carrara,Miseglia,Canalgr,Carrara,Carrara,Carrara,,"0,90","-2,38","2,13"
C5,CNRgiu97,Carrara,Miseglia,Canalgr,Carrara,Carrara,Carrara,,"0,60","-2,19","2,07"
C6,CNRgiu97,Carrara,Miseglia,Canalgr,Carrara,Carrara,Carrara,,"0,60","-1,66","2,00"
C8,CNRgiu97,Carrara,Miseglia,Canalgr,Carrara,Carrara,Carrara,,"0,80","-1,98","2,08"
C9,CNRgiu97,Carrara,Miseglia,Canalgr,Carrara,Carrara,Carrara,,"0,85","-1,99","2,05"
C10,CNRgiu97,Carrara,Miseglia,Canalgr,Carrara,Carrara,Carrara,,"0,60","-1,99","2,07"
C1.1,CNRgiu97,Carrara,Miseglia,Canalgr,Carrara,Carrara,Carrara,,"0,60","-2,54","2,06"
C1.3,CNRgiu97,Carrara,Miseglia,Canalgr,Carrara,Carrara,Carrara,,"0,80","-2,07","2,14"
C1.4,CNRgiu97,Carrara,Miseglia,Canalgr,Carrara,Carrara,Carrara,,"0,90","-1,88","2,39"
C1.5,CNRgiu97,Carrara,Miseglia,Canalgr,Carrara,Carrara,Carrara,,"0,80","-1,83","2,14"
C1.7,CNRgiu97,Carrara,Miseglia,Canalgr,Carrara,Carrara,Carrara,,"1,00","-1,79","2,16"
C1.9,CNRgiu97,Carrara,Miseglia,Canalgr,Carrara,Carrara,Carrara,,"0,80","-2,31","2,14"
C1.10,CNRgiu97,Carrara,Miseglia,Canalgr,Carrara,Carrara,Carrara,,"0,60","-1,97","1,98"
C2.2,CNRgiu97,Carrara,Miseglia,Canalgr,Carrara,Carrara,Carrara,,"0,90","-1,82","2,00"
C2.3,CNRgiu97,Carrara,Miseglia,Canalgr,Carrara,Carrara,Carrara,,"0,80","-2,01","2,04"
C2.4,CNRgiu97,Carrara,Miseglia,Canalgr,Carrara,Carrara,Carrara,,"0,80","-1,76","2,15"
C2.5,CNRgiu97,Carrara,Miseglia,Canalgr,Carrara,Carrara,Carrara,,"0,60","-1,83","2,12"
C2.6,CNRgiu97,Carrara,Miseglia,Canalgr,Carrara,Carrara,Carrara,,"1,00","-1,88","2,14"
C2.7,CNRgiu97,Carrara,Miseglia,Canalgr,Carrara,Carrara,Carrara,,"0,60","-1,80","2,13"
C2.8,CNRgiu97,Carrara,Miseglia,Canalgr,Carrara,Carrara,Carrara,,"0,90","-1,84","2,08"
C2.9,CNRgiu97,Carrara,Miseglia,Canalgr,Carrara,Carrara,Carrara,,"0,80","-1,97","1,79"
C2.10,CNRgiu97,Carrara,Miseglia,Canalgr,Carrara,Carrara,Carrara,,"0,90","-1,95","2,20"
C2.12,CNRgiu97,Carrara,Miseglia,Canalgr,Carrara,Carrara,Carrara,,"0,80","-1,65","2,09"
Fo1,CNRgiu97,Carrara,Colonn,Fossacv,Carrara,Carrara,Carrara,,"1,00","-1,37","2,08"
Fo2,CNRgiu97,Carrara,Colonn,Fossacv,Carrara,Carrara,Carrara,,"0,80","-1,58","2,07"
Fo3,CNRgiu97,Carrara,Colonn,Fossacv,Carrara,Carrara,Carrara,,"0,80","-1,66","2,04"
Fo5,CNRgiu97,Carrara,Colonn,Fossacv,Carrara,Carrara,Carrara,,"0,60","-1,64","2,08"
Fo6,CNRgiu97,Carrara,Colonn,Fossacv,Carrara,Carrara,Carrara,,"1,00","-1,93","2,18"
Fo7,CNRgiu97,Carrara,Colonn,Fossacv,Carrara,Carrara,Carrara,,"0,60","-1,30","2,48"
Fo9,CNRgiu97,Carrara,Colonn,Fossacv,Carrara,Carrara,Carrara,,"0,70","-1,86","1,89"
Fo10,CNRgiu97,Carrara,Colonn,Fossacv,Carrara,Carrara,Carrara,,"0,50","-1,44","1,94"
Fo11,CNRgiu97,Carrara,Colonn,Fossacv,Carrara,Carrara,Carrara,,"0,60","-1,78","2,38"
Cl1,CNRgiu97,Carrara,Colonn,Calagio,Carrara,Carrara,Carrara,,"0,80","-0,90","2,14"
Cl3,CNRgiu97,Carrara,Colonn,Calagio,Carrara,Carrara,Carrara,,"0,90","-1,18","1,81"
Cl5,CNRgiu97,Carrara,Colonn,Calagio,Carrara,Carrara,Carrara,,"0,80","-0,98","1,82"
Cl6,CNRgiu97,Carrara,Colonn,Calagio,Carrara,Carrara,Carrara,,"0,85","-0,95","2,00"
G1,CNRgiu97,Carrara,Colonn,Gioia,Carrara,Carrara,Carrara,,"0,70","-1,50","1,97"
G2,CNRgiu97,Carrara,Colonn,Gioia,Carrara,Carrara,Carrara,,"1,00","-1,60","2,00"
G4,CNRgiu97,Carrara,Colonn,Gioia,Carrara,Carrara,Carrara,,"0,80","-1,62","1,97"
G5,CNRgiu97,Carrara,Colonn,Gioia,Carrara,Carrara,Carrara,,"0,70","-2,05","2,44"
G6,CNRgiu97,Carrara,Colonn,Gioia,Carrara,Carrara,Carrara,,"0,70","-2,40","1,06"
G8,CNRgiu97,Carrara,Colonn,Gioia,Carrara,Carrara,Carrara,,"0,70","-1,72","1,75"
G9,CNRgiu97,Carrara,Colonn,Gioia,Carrara,Carrara,Carrara,,"0,50","-1,61","2,01"
G10,CNRgiu97,Carrara,Colonn,Gioia,Carrara,Carrara,Carrara,,"0,60","-1,98","2,10"
G12,CNRgiu97,Carrara,Colonn,Gioia,Carrara,Carrara,Carrara,,"0,80","-1,46","2,16"
G13,CNRgiu97,Carrara,Colonn,Gioia,Carrara,Carrara,Carrara,,"1,10","-1,76","2,16"
G14,CNRgiu97,Carrara,Colonn,Gioia,Carrara,Carrara,Carrara,,"0,70","-1,75","2,12"
G16,CNRgiu97,Carrara,Colonn,Gioia,Carrara,Carrara,Carrara,,"0,90","-1,65","2,06"
G17,CNRgiu97,Carrara,Colonn,Gioia,Carrara,Carrara,Carrara,,"1,40","-1,09","2,32"
G18,CNRgiu97,Carrara,Colonn,Gioia,Carrara,Carrara,Carrara,,"1,00","-1,85","2,15"
G20,CNRgiu97,Carrara,Colonn,Gioia,Carrara,Carrara,Carrara,,"1,00","-1,89","2,09"
G22,CNRgiu97,Carrara,Colonn,Gioia,Carrara,Carrara,Carrara,,"0,80","-0,94","2,12"
KT1,CNR10/00,Ephesos,,KusiniT,Ephesos2,Eph2,Eph2,,"1,80","-3,65","0,10"
KT2,CNR10/00,Ephesos,,KusiniT,Ephesos2,Eph2,Eph2,,"2,10","-3,09","0,29"
KT3,CNR10/00,Ephesos,,KusiniT,Ephesos2,Eph2,Eph2,,"1,40","-4,01","0,87"
KT4,CNR10/00,Ephesos,,KusiniT,Ephesos2,Eph2,Eph2,,"1,30","-3,95","-0,13"
KT5,CNR10/00,Ephesos,,KusiniT,Ephesos2,Eph2,Eph2,,"1,40","-3,55","0,12"
KT6,CNR10/00,Ephesos,,KusiniT,Ephesos2,Eph2,Eph2,,"2,00","-3,01","-0,80"
KT7,CNR10/00,Ephesos,,KusiniT,Ephesos2,Eph2,Eph2,,"1,90","-4,33","0,44"
KT8,CNR10/00,Ephesos,,KusiniT,Ephesos2,Eph2,Eph2,,"2,10","-3,16","-0,57"
KT9,CNR10/00,Ephesos,,KusiniT,Ephesos2,Eph2,Eph2,,"1,90","-3,22","-0,20"
KT10,CNR10/00,Ephesos,,KusiniT,Ephesos2,Eph2,Eph2,,"1,30","-3,01","-0,72"
KT11,CNR10/00,Ephesos,,KusiniT,Ephesos2,Eph2,Eph2,,"1,50","-3,17","-0,44"
KT12,CNR10/00,Ephesos,,KusiniT,Ephesos2,Eph2,Eph2,,"1,80","-3,19","-0,48"
KT13,CNR10/00,Ephesos,,KusiniT,Ephesos2,Eph2,Eph2,,"1,40","-2,78","-0,02"
KT14,CNR10/00,Ephesos,,KusiniT,Ephesos2,Eph2,Eph2,,"1,30","-3,14","-0,10"
KT15,CNR10/00,Ephesos,,KusiniT,Ephesos2,Eph2,Eph2,,"1,30","-3,06","0,82"
KT16,CNR10/00,Ephesos,,KusiniT,Ephesos2,Eph2,Eph2,,"1,40","-3,39","0,92"
KT17,CNR10/00,Ephesos,,KusiniT,Ephesos2,Eph2,Eph2,,"1,70","-2,94","0,89"
KT18,CNR10/00,Ephesos,,KusiniT,Ephesos2,Eph2,Eph2,,"1,40","-3,24","0,21"
M1,CNR10/00,Ephesos,,Golluce,Ephesos1,Eph1,Eph1,,"1,70","-4,65","4,86"
M2,CNR10/00,Ephesos,,Golluce,Ephesos1,Eph1,Eph1,,"1,30","-3,50","5,05"
M3,CNR10/00,Ephesos,,Golluce,Ephesos1,Eph1,Eph1,,"1,60","-3,98","4,81"
M4,CNR10/00,Ephesos,,Golluce,Ephesos1,Eph1,Eph1,,"1,80","-6,83","4,28"
M5,CNR10/00,Ephesos,,Golluce,Ephesos1,Eph1,Eph1,,"0,90","-5,51","4,18"
M6,CNR10/00,Ephesos,,Golluce,Ephesos1,Eph1,Eph1,,"1,50","-4,91","4,70"
M7,CNR10/0,Ephesos,,Golluce,Ephesos1,Eph1,Eph1,,"1,50","-5,43","3,88"
M8,CNR10/0,Ephesos,,Golluce,Ephesos1,Eph1,Eph1,,"1,30","-8,03","4,24"
M9,CNR10/0,Ephesos,,Golluce,Ephesos1,Eph1,Eph1,,"1,80","-4,58","4,82"
M10,CNR10/0,Ephesos,,Golluce,Ephesos1,Eph1,Eph1,,"1,70","-3,42","4,92"
M11,CNR10/0,Ephesos,,Golluce,Ephesos1,Eph1,Eph1,,"1,50","-5,51","4,15"
B1,CNR10/0,Ephesos,,Urfali,Ephesos1,Eph1,Eph1,,"1,30","-6,92","3,37"
B2,CNR10/0,Ephesos,,Urfali,Ephesos1,Eph1,Eph1,,"1,60","-4,41","4,43"
B3,CNR10/0,Ephesos,,Urfali,Ephesos1,Eph1,Eph1,,"1,50","-4,64","3,98"
B4,CNR10/0,Ephesos,,Urfali,Ephesos1,Eph1,Eph1,,"1,80","-4,30","4,08"
B6,CNR10/0,Ephesos,,Urfali,Ephesos1,Eph1,Eph1,,"1,90","-4,50","4,04"
B7,CNR10/0,Ephesos,,Urfali,Ephesos1,Eph1,Eph1,,"1,40","-5,11","4,27"
B8,CNR10/0,Ephesos,,Urfali,Ephesos1,Eph1,Eph1,,"1,70","-7,72","3,62"
BI1 cor,CNR10/0,Ephesos,,Urfali,Ephesos1,Eph1,Eph1,,"2,10","-8,26","2,84"
BI2 cor,CNR10/0,Ephesos,,Urfali,Ephesos1,Eph1,Eph1,,"1,90","-4,68","3,88"
BI3 cor,CNR10/0,Ephesos,,Urfali,Ephesos1,Eph1,Eph1,,"2,40","-4,73","3,41"
BI4 cor,CNR10/0,Ephesos,,Urfali,Ephesos1,Eph1,Eph1,,"1,60","-5,43","3,46"
HC2.1,CNR09/06,Ephesos,,HC2,Ephesos1,Eph1,Eph1,,"1,70","-3,89","4,00"
HC2.2,CNR09/06,Ephesos,,HC2,Ephesos1,Eph1,Eph1,,"1,80","-3,99","4,16"
HC2.3,CNR09/06,Ephesos,,HC2,Ephesos1,Eph1,Eph1,,"1,60","-2,39","4,51"
HC2.4,CNR09/06,Ephesos,,HC2,Ephesos1,Eph1,Eph1,,"2,00","-2,86","4,29"
HC2.5,CNR09/06,Ephesos,,HC2,Ephesos1,Eph1,Eph1,,"1,40","-3,07","4,20"
HC3.1,CNR09/6,Ephesos,,HC3,Ephesos1,Eph1,Eph1,,"1,40","-5,90","3,66"
HC3.2,CNR09/6,Ephesos,,HC3,Ephesos1,Eph1,Eph1,,"1,60","-4,18","3,92"
HC3.3,CNR09/6,Ephesos,,HC3,Ephesos1,Eph1,Eph1,,"2,10","-7,78","2,59"
HC3.4,CNR09/6,Ephesos,,HC3,Ephesos1,Eph1,Eph1,,"1,80","-2,65","4,48"
HC3.5,CNR09/6,Ephesos,,HC3,Ephesos1,Eph1,Eph1,,"2,00","-3,33","4,15"
HC4.1,CNR09/6,Ephesos,,HC4,Ephesos1,Eph1,Eph1,,"1,60","-3,01","4,68"
HC4.2,CNR09/6,Ephesos,,HC4,Ephesos1,Eph1,Eph1,,"2,00","-3,72","4,23"
HC4.3,CNR09/6,Ephesos,,HC4,Ephesos1,Eph1,Eph1,,"1,60","-2,82","4,48"
HC4.4,CNR09/6,Ephesos,,HC4,Ephesos1,Eph1,Eph1,,"2,20","-3,49","4,18"
HC4.5,CNR09/6,Ephesos,,HC4,Ephesos1,Eph1,Eph1,,"2,00","-2,97","4,36"
HC4.6,CNR09/6,Ephesos,,HC4,Ephesos1,Eph1,Eph1,,"1,40","-3,37","4,45"
HC4.7,CNR09/6,Ephesos,,HC4,Ephesos1,Eph1,Eph1,,"1,20","-4,48","3,79"
HC4.8,CNR09/6,Ephesos,,HC4,Ephesos1,Eph1,Eph1,,"2,20","-2,79","4,24"
HC4.9,CNR09/6,Ephesos,,HC4,Ephesos1,Eph1,Eph1,,"2,00","-3,45","4,43"
HC4.10,CNR09/6,Ephesos,,HC4,Ephesos1,Eph1,Eph1,,"1,50","-3,39","4,31"
HC4.11,CNR09/6,Ephesos,,HC4,Ephesos1,Eph1,Eph1,,"1,40","-6,79","2,48"
HC4.12,CNR09/6,Ephesos,,HC4,Ephesos1,Eph1,Eph1,,"2,80","-6,48","2,98"
BLV1,CNR09/6,Ephesos,,Belevi,Ephesos2,Eph2,Eph2,,"1,80","-3,00","0,08"
BLV2,CNR09/6,Ephesos,,Belevi,Ephesos2,Eph2,Eph2,,"2,10","-2,99","0,25"
BLV3,CNR09/6,Ephesos,,Belevi,Ephesos2,Eph2,Eph2,,"2,40","-2,80","0,46"
BLV4,CNR09/6,Ephesos,,Belevi,Ephesos2,Eph2,Eph2,,"2,20","-3,20","0,45"
BLV5,CNR09/6,Ephesos,,Belevi,Ephesos2,Eph2,Eph2,,"2,10","-2,98","0,47"
BLV6,CNR09/6,Ephesos,,Belevi,Ephesos2,Eph2,Eph2,,"1,70","-2,78","0,48"
BLV7,CNR09/6,Ephesos,,Belevi,Ephesos2,Eph2,Eph2,,"1,80","-2,81","0,36"
BLV8,CNR09/6,Ephesos,,Belevi,Ephesos2,Eph2,Eph2,,"2,00","-3,04","0,47"
BLV10,CNR09/6,Ephesos,,Belevi,Ephesos2,Eph2,Eph2,,"1,40","-2,96","0,22"
BLV11,CNR09/6,Ephesos,,Belevi,Ephesos2,Eph2,Eph2,,"1,80","-2,87","0,40"
BLV12,CNR09/6,Ephesos,,Belevi,Ephesos2,Eph2,Eph2,,"1,40","-3,07","0,74"
BLV13,CNR09/6,Ephesos,,Belevi,Ephesos2,Eph2,Eph2,,"2,00","-2,99","1,45"
BLV14,CNR09/6,Ephesos,,Belevi,Ephesos2,Eph2,Eph2,,"1,80","-2,92","1,46"
BLV15,CNR09/6,Ephesos,,Belevi,Ephesos2,Eph2,Eph2,,"1,60","-3,01","0,98"
BLV16,CNR09/6,Ephesos,,Belevi,Ephesos2,Eph2,Eph2,,"1,90","-2,58","1,49"
BLV17,CNR09/6,Ephesos,,Belevi,Ephesos2,Eph2,Eph2,,"1,30","-2,97","0,63"
BLV18,CNR09/6,Ephesos,,Belevi,Ephesos2,Eph2,Eph2,,"1,40","-3,15","0,17"
BLV19,CNR09/6,Ephesos,,Belevi,Ephesos2,Eph2,Eph2,,"2,00","-2,93","0,63"
BLV20,CNR09/6,Ephesos,,Belevi,Ephesos2,Eph2,Eph2,,"1,50","-3,28","0,52"
BLV21,CNR09/6,Ephesos,,Belevi,Ephesos2,Eph2,Eph2,,"1,70","-3,16","0,34"
TRB1,CNR09/6,Ephesos,,Torbali,Ephesos1,Eph1,Eph1,,"1,40","-5,52","3,80"
TRB2,CNR09/6,Ephesos,,Torbali,Ephesos1,Eph1,Eph1,,"2,20","-4,40","3,73"
TRB3,CNR09/6,Ephesos,,Torbali,Ephesos1,Eph1,Eph1,,"1,55","-2,25","4,26"
TRB4,CNR09/6,Ephesos,,Torbali,Ephesos1,Eph1,Eph1,,"2,00","-3,96","3,88"
TRB5,CNR09/6,Ephesos,,Torbali,Ephesos1,Eph1,Eph1,,"3,00","-2,19","4,24"
TRB6,CNR09/6,Ephesos,,Torbali,Ephesos1,Eph1,Eph1,,"1,40","-3,25","4,05"
TRB7,CNR09/6,Ephesos,,Torbali,Ephesos1,Eph1,Eph1,,"1,50","-2,32","4,20"
TRB8,CNR09/6,Ephesos,,Torbali,Ephesos1,Eph1,Eph1,,"2,20","-2,61","3,88"
TRB9,CNR09/6,Ephesos,,Torbali,Ephesos1,Eph1,Eph1,,"2,00","-4,48","2,37"
TRB10,CNR09/6,Ephesos,,Torbali,Ephesos1,Eph1,Eph1,,"2,20","-2,74","3,95"
TRB11,CNR09/6,Ephesos,,Torbali,Ephesos1,Eph1,Eph1,,"1,40","-5,04","3,80"
TRB12,CNR09/6,Ephesos,,Torbali,Ephesos1,Eph1,Eph1,,"2,00","-3,65","3,93"
AHL1,CNR09/6,Ephesos,,Ahmetli,Ephesos1,Eph1,Eph1,,"2,00","-3,70","3,62"
AHL2,CNR09/6,Ephesos,,Ahmetli,Ephesos1,Eph1,Eph1,,"1,80","-3,75","3,54"
AHL3,CNR09/6,Ephesos,,Ahmetli,Ephesos1,Eph1,Eph1,,"2,00","-3,77","3,55"
AHL4,CNR09/6,Ephesos,,Ahmetli,Ephesos1,Eph1,Eph1,,"3,20","-3,40","3,54"
AHL5,CNR09/6,Ephesos,,Ahmetli,Ephesos1,Eph1,Eph1,,"1,40","-4,38","3,40"
AHL6,CNR09/6,Ephesos,,Ahmetli,Ephesos1,Eph1,Eph1,,"4,60","-3,47","3,57"
AHL7,CNR09/6,Ephesos,,Ahmetli,Ephesos1,Eph1,Eph1,,"1,50","-4,85","3,87"
AHL8,CNR09/6,Ephesos,,Ahmetli,Ephesos1,Eph1,Eph1,,"1,40","-3,84","4,14"
AHL9,CNR09/6,Ephesos,,Ahmetli,Ephesos1,Eph1,Eph1,,"1,70","-4,30","3,49"
AHL10,CNR09/6,Ephesos,,Ahmetli,Ephesos1,Eph1,Eph1,,"2,00","-3,04","3,80"
AHL11,CNR09/6,Ephesos,,Ahmetli,Ephesos1,Eph1,Eph1,,"1,70","-3,75","3,30"
AHL12,CNR09/6,Ephesos,,Ahmetli,Ephesos1,Eph1,Eph1,,"1,50","-3,64","4,04"
AHL13,CNR09/6,Ephesos,,Ahmetli,Ephesos1,Eph1,Eph1,,"1,80","-3,77","3,30"
AHL14,CNR09/6,Ephesos,,Ahmetli,Ephesos1,Eph1,Eph1,,"3,40","-3,66","2,98"
AHL15,CNR09/6,Ephesos,,Ahmetli,Ephesos1,Eph1,Eph1,,"1,30","-4,55","3,56"
AHL16,CNR09/6,Ephesos,,Ahmetli,Ephesos1,Eph1,Eph1,,"1,20","-4,30","3,52"
KC1.1,CNR08/07,Ephesos,,Keftli,Ephesos1,Eph1,Eph1,,"2,00","-3,40","4,00"
KC1.2,CNR08/07,Ephesos,,Keftli,Ephesos1,Eph1,Eph1,,"1,30","-5,74","3,57"
KC1.3,CNR08/07,Ephesos,,Keftli,Ephesos1,Eph1,Eph1,,"2,00","-5,78","3,48"
KC1.4,CNR08/07,Ephesos,,Keftli,Ephesos1,Eph1,Eph1,,"1,15","-5,40","3,15"
KC1.5,CNR08/07,Ephesos,,Keftli,Ephesos1,Eph1,Eph1,,"1,30","-5,81","2,91"
KC1.6,CNR08/07,Ephesos,,Keftli,Ephesos1,Eph1,Eph1,,"0,40","-5,79","2,80"
KC1.7,CNR08/07,Ephesos,,Keftli,Ephesos1,Eph1,Eph1,,"1,40","-3,77","3,79"
KC1.8,CNR08/07,Ephesos,,Keftli,Ephesos1,Eph1,Eph1,,"1,55","-3,46","4,02"
KC1.9,CNR08/07,Ephesos,,Keftli,Ephesos1,Eph1,Eph1,,"0,90","-4,95","3,13"
KC1.10,CNR08/07,Ephesos,,Keftli,Ephesos1,Eph1,Eph1,,"1,30","-4,55","3,97"
KC1.11,CNR08/07,Ephesos,,Keftli,Ephesos1,Eph1,Eph1,,"1,25","-5,43","3,41"
KC1.12,CNR08/07,Ephesos,,Keftli,Ephesos1,Eph1,Eph1,,"1,05","-7,63","-0,60"
KC2.1,CNR08/07,Ephesos,,Keftli,Ephesos1,Eph1,Eph1,,"0,90","-5,54","3,54"
KC2.2,CNR08/07,Ephesos,,Keftli,Ephesos1,Eph1,Eph1,,"1,90","-4,38","3,51"
KC2.3,CNR08/07,Ephesos,,Keftli,Ephesos1,Eph1,Eph1,,"2,50","-4,13","4,03"
KC2.4,CNR08/07,Ephesos,,Keftli,Ephesos1,Eph1,Eph1,,"1,55","-4,97","3,67"
GW3.1,2006,Goktepe,#3,#3A,Göktepe3,Gok3,Gok3,,"0,50","-3,08","2,60"
GW3.2,2006,Goktepe,#3,#3A,Göktepe3,Gok3,Gok3,,"0,50","-3,02","2,42"
GW3.3,2006,Goktepe,#3,#3A,Göktepe3,Gok3,Gok3,,"0,60","-3,06","2,51"
GW3.4,2006,Goktepe,#3,#3A,Göktepe3,Gok3,Gok3,,"0,50","-3,12","2,51"
GW5.1,2006,Goktepe,#3,#3B,Göktepe3,Gok3,Gok3,,"0,7","-4,19","0,48"
GW5.2,2006,Goktepe,#3,#3B,Göktepe3,Gok3,Gok3,,"1,3","-2,86","2,5"
GW5.3,2006,Goktepe,#3,#3B,Göktepe3,Gok3,Gok3,,"0,5","-2,78","2,5"
GW5.4,2006,Goktepe,#3,#3B,Göktepe3,Gok3,Gok3,,"0,6","-3,16","2,35"
GW5.5,2006,Goktepe,#3,#3B,Göktepe3,Gok3,Gok3,,"0,9","-2,94","2,57"
GW4.1,2006,Goktepe,#3,#3C,Göktepe3,Gok3,Gok3,,"0,60","-3,12","2,51"
GW4.2,2006,Goktepe,#3,#3C,Göktepe3,Gok3,Gok3,,"0,70","-3,15","2,50"
GW4.3,2006,Goktepe,#3,#3C,Göktepe3,Gok3,Gok3,,"0,70","-5,24","-0,13"
GW4.4,2006,Goktepe,#3,#3C,Göktepe3,Gok3,Gok3,,"0,60","-3,10","2,38"
GW4.5,2006,Goktepe,#3,#3C,Göktepe3,Gok3,Gok3,,"0,60","-3,83","1,30"
GW4.6,2006,Goktepe,#3,#3C,Göktepe3,Gok3,Gok3,,"0,40","-3,12","2,10"
GW4.7,2006,Goktepe,#3,#3C,Göktepe3,Gok3,Gok3,,"0,60","-3,25","2,09"
GW4.8,2006,Goktepe,#3,#3C,Göktepe3,Gok3,Gok3,,"0,80","-3,00","2,43"
GW4.9,2006,Goktepe,#3,#3C,Göktepe3,Gok3,Gok3,,"0,60","-6,61","-1,93"
GW4.10,2006,Goktepe,#3,#3C,Göktepe3,Gok3,Gok3,,"0,50","-3,19","2,41"
GW4.11,2006,Goktepe,#3,#3C,Göktepe3,Gok3,Gok3,,"0,70","-2,96","2,56"
GW4.12,2006,Goktepe,#3,#3C,Göktepe3,Gok3,Gok3,,"0,50","-3,09","2,37"
GW4.13,2006,Goktepe,#3,#3C,Göktepe3,Gok3,Gok3,,"0,70","-2,72","2,60"
GW4.14,2006,Goktepe,#3,#3C,Göktepe3,Gok3,Gok3,,"0,70","-2,71","2,62"
GW07.4.1,2007,Goktepe,#3,#3C,Göktepe3,Gok3,Gok3,,"0,45","-2,80","2,45"
GW07.4.2,2007,Goktepe,#3,#3C,Göktepe3,Gok3,Gok3,,"0,70","-3,28","1,39"
GW07.4.3,2007,Goktepe,#3,#3C,Göktepe3,Gok3,Gok3,,"0,60","-3,24","0,40"
D3C11.1,2011,Goktepe,#3,#3C,Göktepe3,Gok3,Gok3,,"0,55","-2,98","2,53"
D3C11.2,2011,Goktepe,#3,#3C,Göktepe3,Gok3,Gok3,,"0,70","-3,25","2,23"
D3C11.3,2011,Goktepe,#3,#3C,Göktepe3,Gok3,Gok3,,"0,65","-3,08","2,51"
D3C11.4,2011,Goktepe,#3,#3C,Göktepe3,Gok3,Gok3,,"0,55","-3,10","2,54"
D3C11.5,2011,Goktepe,#3,#3C,Göktepe3,Gok3,Gok3,,"0,55","-3,03","2,47"
D3C11.6,2011,Goktepe,#3,#3C,Göktepe3,Gok3,Gok3,,"0,45","-3,06","2,53"
D3C11.7,2011,Goktepe,#3,#3C,Göktepe3,Gok3,Gok3,,"0,70","-3,01","2,48"
D3C11.8,2011,Goktepe,#3,#3C,Göktepe3,Gok3,Gok3,,"0,55","-2,82","2,69"
GW2A1,2006,Goktepe,#3,#3D,Göktepe3,Gok3,Gok3,,"0,70","-3,23","2,31"
GW2A2,2006,Goktepe,#3,#3D,Göktepe3,Gok3,Gok3,,"0,60","-2,71","2,71"
GW2A3,2006,Goktepe,#3,#3D,Göktepe3,Gok3,Gok3,,"0,80","-2,75","2,68"
GW2A4,2006,Goktepe,#3,#3D,Göktepe3,Gok3,Gok3,,"0,70","-4,04","1,06"
GW2A5,2006,Goktepe,#3,#3D,Göktepe3,Gok3,Gok3,,"0,50","-3,11","2,39"
GW2A6,2006,Goktepe,#3,#3D,Göktepe3,Gok3,Gok3,,"0,60","-4,46","-1,14"
GW2A7,2006,Goktepe,#3,#3D,Göktepe3,Gok3,Gok3,,"0,70","-3,06","2,48"
GW2A8,2006,Goktepe,#3,#3D,Göktepe3,Gok3,Gok3,,"0,50","-2,73","3,06"
GW2A9,2006,Goktepe,#3,#3D,Göktepe3,Gok3,Gok3,,"0,80","-3,00","2,54"
GW2A10,2006,Goktepe,#3,#3D,Göktepe3,Gok3,Gok3,,"0,80","-2,61","2,60"
GW2B1,2006,Goktepe,#3,#3D,Göktepe3,Gok3,Gok3,,"0,70","-5,62","-4,63"
GW2B2,2006,Goktepe,#3,#3D,Göktepe3,Gok3,Gok3,,"0,80","-4,05","0,97"
GW2B3,2006,Goktepe,#3,#3D,Göktepe3,Gok3,Gok3,,"0,60","-2,95","2,56"
GW2B4,2006,Goktepe,#3,#3D,Göktepe3,Gok3,Gok3,,"0,60","-3,02","2,54"
GW2B5,2006,Goktepe,#3,#3D,Göktepe3,Gok3,Gok3,,"0,70","-5,79","-1,75"
GW2B6,2006,Goktepe,#3,#3D,Göktepe3,Gok3,Gok3,,"0,70","-4,22","0,09"
GW07.2b.7,2007,Goktepe,#3,#3D,Göktepe3,Gok3,Gok3,,"0,40","-3,00","3,10"
GW07.2b.8,2007,Goktepe,#3,#3D,Göktepe3,Gok3,Gok3,,"0,55","-2,85","3,29"
GW07.2b.9,2007,Goktepe,#3,#3D,Göktepe3,Gok3,Gok3,,"0,35","-2,97","3,42"
G3D11.1,2011,Goktepe,#3,#3D,Göktepe3,Gok3,Gok3,,"0,90","-2,86","2,65"
G3D11.2,2011,Goktepe,#3,#3D,Göktepe3,Gok3,Gok3,,"0,55","-3,05","3,15"
G3D11.3,2011,Goktepe,#3,#3D,Göktepe3,Gok3,Gok3,,"0,65","-2,85","3,29"
G3D11.4,2011,Goktepe,#3,#3D,Göktepe3,Gok3,Gok3,,"0,65","-3,03","2,97"
G3D11.5,2011,Goktepe,#3,#3D,Göktepe3,Gok3,Gok3,,"0,55","-3,02","2,74"
G3D11.6,2011,Goktepe,#3,#3D,Göktepe3,Gok3,Gok3,,"0,65","-2,85","3,24"
G3D11.7,2011,Goktepe,#3,#3D,Göktepe3,Gok3,Gok3,,"0,45","-4,27","1,48"
DCR11.1,2011,Goktepe,#3,#3D,Göktepe3,Gok3,Gok3,,"0,65","-2,95","2,78"
DCR11.2,2011,Goktepe,#3,#3D,Göktepe3,Gok3,Gok3,,"0,65","-2,83","2,69"
DCR11.3,2011,Goktepe,#3,#3D,Göktepe3,Gok3,Gok3,,"0,60","-2,87","2,50"
DCR11.4,2011,Goktepe,#3,#3D,Göktepe3,Gok3,Gok3,,"0,70","-2,90","2,39"
DCR11.5,2011,Goktepe,#3,#3D,Göktepe3,Gok3,Gok3,,"0,55","-2,84","2,56"
GW1A1,2006,Goktepe,#4,#4B,Göktepe4,Gok4,Gok4,,"0,90","-2,74","2,49"
GW1A2,2006,Goktepe,#4,#4B,Göktepe4,Gok4,Gok4,,"0,50","-2,94","2,44"
GW1A3,2006,Goktepe,#4,#4B,Göktepe4,Gok4,Gok4,,"0,70","-5,07","0,17"
GW1A4,2006,Goktepe,#4,#4B,Göktepe4,Gok4,Gok4,,"0,70","-7,10","-1,04"
GW1A5,2006,Goktepe,#4,#4B,Göktepe4,Gok4,Gok4,,"0,60","-2,97","2,37"
GW1B1,2006,Goktepe,#4,#4B,Göktepe4,Gok4,Gok4,,"1,10","-2,76","2,47"
GW1B2,2006,Goktepe,#4,#4B,Göktepe4,Gok4,Gok4,,"0,60","-5,03","0,15"
GW1B3,2006,Goktepe,#4,#4B,Göktepe4,Gok4,Gok4,,"0,70","-2,90","2,46"
GW1B4,2006,Goktepe,#4,#4B,Göktepe4,Gok4,Gok4,,"0,60","-3,00","2,43"
GW07.1.1,2007,Goktepe,#4,#4B,Göktepe4,Gok4,Gok4,,"1,00","-2,58","2,67"
GW07.1.2,2007,Goktepe,#4,#4B,Göktepe4,Gok4,Gok4,,"0,75","-3,22","2,16"
GW07.1.3,2007,Goktepe,#4,#4B,Göktepe4,Gok4,Gok4,,"0,65","-3,08","2,49"
GW07.1.4,2007,Goktepe,#4,#4B,Göktepe4,Gok4,Gok4,,"0,70","-2,97","2,49"
W4B11.1,2011,Goktepe,#4,#4B,Göktepe4,Gok4,Gok4b,,"0,25","-7,08","-0,05"
W4B11.2,2011,Goktepe,#4,#4B,Göktepe4,Gok4,Gok4,,"0,4","-2,87","2,56"
W4B11.3,2011,Goktepe,#4,#4B,Göktepe4,Gok4,Gok4b,,"0,55","-2,92","2,59"
W4B11.4,2011,Goktepe,#4,#4B,Göktepe4,Gok4,Gok4b,,"0,65","-2,80","2,55"
W4B11.5,2011,Goktepe,#4,#4B,Göktepe4,Gok4,Gok4b,,"0,6","-2,88","2,53"
W4B11.6,2011,Goktepe,#4,#4B,Göktepe4,Gok4,Gok4b,,"0,8","-2,83","2,63"
W4B11.7,2011,Goktepe,#4,#4B,Göktepe4,Gok4,Gok4b,,"0,5","-3,13","2,44"
4C11.1,2011,Goktepe,#4,#4C,Göktepe4,Gok4,Gok4,,"0,45","-2,80","2,55"
4C11.2,2011,Goktepe,#4,#4C,Göktepe4,Gok4,Gok4,,"0,75","-2,73","2,60"
4C11.3,2011,Goktepe,#4,#4C,Göktepe4,Gok4,Gok4,,"0,75","-2,56","2,65"
4C11.4,2011,Goktepe,#4,#4C,Göktepe4,Gok4,Gok4,,"0,75","-2,56","2,65"
4C11.5,2011,Goktepe,#4,#4C,Göktepe4,Gok4,Gok4,,"0,05","-5,07","2,30"
GW07.6.1,2007,Goktepe,#4,#4D,Göktepe4,Gok4,Gok4,,"0,65","-2,68","2,37"
GW07.6.2,2007,Goktepe,#4,#4D,Göktepe4,Gok4,Gok4,,"0,55","-2,21","2,57"
GW07.6.3,2007,Goktepe,#4,#4D,Göktepe4,Gok4,Gok4,,"0,70","-2,48","2,28"
GW07.6.4,2007,Goktepe,#4,#4D,Göktepe4,Gok4,Gok4,,"0,35","-5,29","-1,45"
GW07.6.5,2007,Goktepe,#4,#4D,Göktepe4,Gok4,Gok4,,"0,55","-2,67","2,54"
4D11.1,2011,Goktepe,#4,#4D,Göktepe4,Gok4,Gok4,,,"-2,85","2,10"
4D11.2,2011,Goktepe,#4,#4D,Göktepe4,Gok4,Gok4,,"0,5","-2,73","2,67"
4D11.3,2011,Goktepe,#4,#4D,Göktepe4,Gok4,Gok4,,"0,45","-2,95","2,43"
4D11.4,2011,Goktepe,#4,#4D,Göktepe4,Gok4,Gok4,,"0,25","-6,87","1,86"
Ny97.1,Bru10/97,Paros,MarathiL,NymphsL,ParosL,MarathiL,MarathiL,,"1,50","-3,26","4,41"
Ny97.3,Bru10/97,Paros,MarathiL,NymphsL,ParosL,MarathiL,MarathiL,,"1,20","-3,55","4,38"
Ny97.6,Bru10/97,Paros,MarathiL,NymphsL,ParosL,MarathiL,MarathiL,,"1,60","-3,62","5,03"
Ny97.8,Bru10/97,Paros,MarathiL,NymphsL,ParosL,MarathiL,MarathiL,,"1,20","-3,77","4,52"
Ny97.9,Bru10/97,Paros,MarathiL,NymphsL,ParosL,MarathiL,MarathiL,,"1,50","-3,41","4,96"
Ny97.10,Bru10/97,Paros,MarathiL,NymphsL,ParosL,MarathiL,MarathiL,,"2,50","-2,95","4,66"
Ny97.14,Bru10/97,Paros,MarathiL,NymphsL,ParosL,MarathiL,MarathiL,,"1,70","-3,64","3,95"
Ny97.15,Bru10/97,Paros,MarathiL,NymphsL,ParosL,MarathiL,MarathiL,,"1,00","-3,83","4,36"
Ny97.16,Bru10/97,Paros,MarathiL,NymphsL,ParosL,MarathiL,MarathiL,,"1,50","-3,47","4,71"
Ny97.18,Bru10/97,Paros,MarathiL,NymphsL,ParosL,MarathiL,MarathiL,,"2,00","-3,60","4,55"
Ny97.19,Bru10/97,Paros,MarathiL,NymphsL,ParosL,MarathiL,MarathiL,,"1,20","-3,60","3,58"
Ny97.20,Bru10/97,Paros,MarathiL,NymphsL,ParosL,MarathiL,MarathiL,,"2,50","-3,80","3,61"
Ny00.2,CNR04/00,Paros,MarathiL,NymphsL,ParosL,MarathiL,MarathiL,,"1,40","-3,14","4,93"
Ny00.3,CNR04/00,Paros,MarathiL,NymphsL,ParosL,MarathiL,MarathiL,,"1,30","-3,17","4,64"
Ny00.3a,CNR04/00,Paros,MarathiL,NymphsL,ParosL,MarathiL,MarathiL,,"1,40","-3,24","4,70"
Ny00.4,CNR04/00,Paros,MarathiL,NymphsL,ParosL,MarathiL,MarathiL,,"1,30","-3,17","4,34"
Ny00.5,CNR04/00,Paros,MarathiL,NymphsL,ParosL,MarathiL,MarathiL,,"1,40","-3,15","4,89"
Ny00.6,CNR04/00,Paros,MarathiL,NymphsL,ParosL,MarathiL,MarathiL,,"1,60","-3,98","3,13"
Ny00.7,CNR04/00,Paros,MarathiL,NymphsL,ParosL,MarathiL,MarathiL,,"1,60","-2,79","4,84"
Ny00.8,CNR04/00,Paros,MarathiL,NymphsL,ParosL,MarathiL,MarathiL,,"1,10","-3,03","4,81"
Ny00.8a,CNR04/00,Paros,MarathiL,NymphsL,ParosL,MarathiL,MarathiL,,"1,10","-3,13","4,84"
Ny00.9,CNR04/00,Paros,MarathiL,NymphsL,ParosL,MarathiL,MarathiL,,"1,20","-3,28","5,05"
Ny00.10,CNR04/00,Paros,MarathiL,NymphsL,ParosL,MarathiL,MarathiL,,"1,70","-3,39","4,97"
Ny00.11,CNR04/00,Paros,MarathiL,NymphsL,ParosL,MarathiL,MarathiL,,"1,80","-3,14","5,08"
Ny00.12,CNR04/00,Paros,MarathiL,NymphsL,ParosL,MarathiL,MarathiL,,"1,80","-3,98","3,01"
Ny00.15,CNR04/00,Paros,MarathiL,NymphsL,ParosL,MarathiL,MarathiL,,"1,60","-2,98","4,78"
Ny00.15,CNR04/00,Paros,MarathiL,NymphsL,ParosL,MarathiL,MarathiL,,"1,20","-3,22","4,56"
PaI34,Bru10/97,Paros,MarathiL,PanL,ParosL,MarathiL,MarathiL,,"1,30","-3,07","4,86"
PaE35,Bru10/97,Paros,MarathiL,PanL,ParosL,MarathiL,MarathiL,,"1,50","-2,78","5,00"
PaE38,Bru10/97,Paros,MarathiL,PanL,ParosL,MarathiL,MarathiL,,"3,00","-2,75","3,76"
PaE43,Bru10/97,Paros,MarathiL,PanL,ParosL,MarathiL,MarathiL,,"2,50","-2,67","4,21"
PaE44,Bru10/97,Paros,MarathiL,PanL,ParosL,MarathiL,MarathiL,,"1,50","-2,59","4,96"
PaE45,Bru10/97,Paros,MarathiL,PanL,ParosL,MarathiL,MarathiL,,"1,50","-2,88","3,91"
Ste5.2,CNR04/00,Paros,MarathiL,Q5L,ParosL,MarathiL,MarathiL,,"1,70","-2,80","3,45"
Ste5.3,CNR04/00,Paros,MarathiL,Q5L,ParosL,MarathiL,MarathiL,,"1,90","-3,28","3,03"
Ste5.4,CNR04/00,Paros,MarathiL,Q5L,ParosL,MarathiL,MarathiL,,"2,10","-3,48","3,72"
Ste5.10,CNR04/00,Paros,MarathiL,Q5L,ParosL,MarathiL,MarathiL,,"1,80","-2,86","3,80"
Ste5.16,CNR04/00,Paros,MarathiL,Q5L,ParosL,MarathiL,MarathiL,,"2,10","-2,89","3,32"
Ste5.19,CNR04/00,Paros,MarathiL,Q5L,ParosL,MarathiL,MarathiL,,"2,10","-3,22","3,17"
Ste5.20,CNR04/00,Paros,MarathiL,Q5L,ParosL,MarathiL,MarathiL,,"2,50","-3,23","3,31"
Ste5.21,CNR04/00,Paros,MarathiL,Q5L,ParosL,MarathiL,MarathiL,,"3,10","-3,49","3,46"
Ny97.5,Bru10/97,Paros,Marathi,Nymphs,ParosM,Marathi,Marathi,,"3,00","-3,50","2,50"
Ny97.7,Bru10/97,Paros,Marathi,Nymphs,ParosM,Marathi,Marathi,,"1,70","-3,01","1,97"
Ny97.11,Bru10/97,Paros,Marathi,Nymphs,ParosM,Marathi,Marathi,,"1,50","-2,55","2,66"
Ny97.12,Bru10/97,Paros,Marathi,Nymphs,ParosM,Marathi,Marathi,,"1,50","-2,87","1,92"
Ny97.17,Bru10/97,Paros,Marathi,Nymphs,ParosM,Marathi,Marathi,,"1,00","-3,12","1,49"
NyN21,Bru10/97,Paros,Marathi,Nymphs,ParosM,Marathi,Marathi,,"2,50","-1,96","1,86"
NyN22,Bru10/97,Paros,Marathi,Nymphs,ParosM,Marathi,Marathi,,"1,50","-2,13","2,53"
NyN23,Bru10/97,Paros,Marathi,Nymphs,ParosM,Marathi,Marathi,,"2,00","-2,60","2,80"
Ny00.1,CNR04/00,Paros,Marathi,Nymphs,ParosM,Marathi,Marathi,,"1,10","-3,34","3,37"
Ny00.14,CNR04/00,Paros,Marathi,Nymphs,ParosM,Marathi,Marathi,,"1,70","-2,61","2,78"
PaI32,Bru10/97,Paros,Marathi,Pan,ParosM,Marathi,Marathi,,"2,00","-4,16","0,74"
PaE36,Bru10/97,Paros,Marathi,Pan,ParosM,Marathi,Marathi,,"1,50","-1,97","1,86"
PaE39,Bru10/97,Paros,Marathi,Pan,ParosM,Marathi,Marathi,,"3,00","-2,31","0,52"
PaE40,Bru10/97,Paros,Marathi,Pan,ParosM,Marathi,Marathi,,"1,50","-2,08","2,64"
PaE41,Bru10/97,Paros,Marathi,Pan,ParosM,Marathi,Marathi,,"2,00","-2,32","2,26"
PaE42,Bru10/97,Paros,Marathi,Pan,ParosM,Marathi,Marathi,,"2,50","-1,93","1,56"
Ste5.1,CNR04/00,Paros,Marathi,Q5,ParosM,Marathi,Marathi,,"1,40","-2,42","1,69"
Ste5.5,CNR04/00,Paros,Marathi,Q5,ParosM,Marathi,Marathi,,"3,00","-2,19","1,17"
Ste5.6,CNR04/00,Paros,Marathi,Q5,ParosM,Marathi,Marathi,,"2,10","-2,14","1,75"
Ste5.7,CNR04/00,Paros,Marathi,Q5,ParosM,Marathi,Marathi,,"2,80","-2,03","2,50"
Ste5.8,CNR04/00,Paros,Marathi,Q5,ParosM,Marathi,Marathi,,"2,50","-2,45","0,97"
Ste5.9,CNR04/00,Paros,Marathi,Q5,ParosM,Marathi,Marathi,,"2,80","-2,09","2,07"
Ste5.12,CNR04/00,Paros,Marathi,Q5,ParosM,Marathi,Marathi,,"2,30","-2,44","1,85"
Ste5.13,CNR04/00,Paros,Marathi,Q5,ParosM,Marathi,Marathi,,"2,50","-2,39","2,65"
Ste5.14,CNR04/00,Paros,Marathi,Q5,ParosM,Marathi,Marathi,,"2,10","-2,48","-0,60"
Ste5.15,CNR04/00,Paros,Marathi,Q5,ParosM,Marathi,Marathi,,"2,40","-2,29","2,50"
Ste5.17,CNR04/00,Paros,Marathi,Q5,ParosM,Marathi,Marathi,,"2,90","-3,10","2,77"
Ste5.18,CNR04/00,Paros,Marathi,Q5,ParosM,Marathi,Marathi,,"2,40","-4,12","2,32"
L1,Bru10/97,Paros,Choroda,Choroda,ParosCho,Choroda,Choroda,,"2,00","-1,25","2,03"
L2,Bru10/97,Paros,Choroda,Choroda,ParosCho,Choroda,Choroda,,"2,00","-1,10","1,90"
L3,Bru10/97,Paros,Choroda,Choroda,ParosCho,Choroda,Choroda,,"2,00","-1,32","1,49"
L4,Bru10/97,Paros,Choroda,Choroda,ParosCho,Choroda,Choroda,,"3,00","-1,42","1,44"
L5,Bru10/97,Paros,Choroda,Choroda,ParosCho,Choroda,Choroda,,"2,50","-0,78","2,02"
L6,Bru10/97,Paros,Choroda,Choroda,ParosCho,Choroda,Choroda,,"2,50","-1,12","1,33"
L7,Bru10/97,Paros,Choroda,Choroda,ParosCho,Choroda,Choroda,,"3,00","-0,95","1,78"
L8,Bru10/97,Paros,Choroda,Choroda,ParosCho,Choroda,Choroda,,"3,00","-0,95","1,86"
L9,Bru10/97,Paros,Choroda,Choroda,ParosCho,Choroda,Choroda,,"2,50","-0,85","1,92"
L10,Bru10/97,Paros,Choroda,Choroda,ParosCho,Choroda,Choroda,,"2,00","-2,34","1,74"
L11,Bru10/97,Paros,Choroda,Choroda,ParosCho,Choroda,Choroda,,"2,50","-1,28","0,72"
L12,Bru10/97,Paros,Choroda,Choroda,ParosCho,Choroda,Choroda,,"1,80","-0,94","1,96"
L13,Bru10/97,Paros,Choroda,Choroda,ParosCho,Choroda,Choroda,,"2,00","-1,57","2,14"
L14,Bru10/97,Paros,Choroda,Choroda,ParosCho,Choroda,Choroda,,"1,50","-1,05","1,99"
L15,Bru10/97,Paros,Choroda,Choroda,ParosCho,Choroda,Choroda,,"1,70","-1,02","1,67"
L16,Bru10/97,Paros,Choroda,Choroda,ParosCho,Choroda,Choroda,,"3,00","-0,91","2,22"
L17,Bru10/97,Paros,Choroda,Choroda,ParosCho,Choroda,Choroda,,"2,00","-1,31","1,99"
KD1.1,CNR04/00,Paros,Choroda,Spi10,ParosCho,Choroda,Choroda,,"2,40","-1,36","1,80"
KD1.2,CNR04/00,Paros,Choroda,Spi10,ParosCho,Choroda,Choroda,,"2,80","-0,77","1,96"
KD1.3,CNR04/00,Paros,Choroda,Spi10,ParosCho,Choroda,Choroda,,"2,10","-0,74","1,86"
KD2.1,CNR04/00,Paros,Choroda,Spi8,ParosCho,Choroda,Choroda,,"2,80","-1,26","1,83"
KD2.2,CNR04/00,Paros,Choroda,Spi8,ParosCho,Choroda,Choroda,,"2,10","-1,15","1,74"
KD2.3,CNR04/00,Paros,Choroda,Spi8,ParosCho,Choroda,Choroda,,"1,90","-0,62","2,01"
KD2.4,CNR04/00,Paros,Choroda,Spi8,ParosCho,Choroda,Choroda,,"2,50","-1,23","2,06"
KD2.5,CNR04/00,Paros,Choroda,Spi8,ParosCho,Choroda,Choroda,,"2,40","-1,03","1,81"
KD2.6,CNR04/00,Paros,Choroda,Spi8,ParosCho,Choroda,Choroda,,"2,10","-1,01","2,08"
KD4.1,CNR04/00,Paros,Choroda,Spi6,ParosCho,Choroda,Choroda,,"2,10","-1,20","0,88"
KD4.2,CNR04/00,Paros,Choroda,Spi6,ParosCho,Choroda,Choroda,,"2,10","-0,85","2,07"
KD4.3,CNR04/00,Paros,Choroda,Spi6,ParosCho,Choroda,Choroda,,"2,40","-1,30","1,94"
KD4.4,CNR04/00,Paros,Choroda,Spi6,ParosCho,Choroda,Choroda,,"2,70","-0,82","1,90"
KD4.5,CNR04/00,Paros,Choroda,Spi6,ParosCho,Choroda,Choroda,,"2,20","-0,87","1,97"
KS1.1,CNR04/00,Paros,Choroda,Lakk1,ParosCho,Choroda,Choroda,,"1,80","-0,72","1,87"
KS1.2,CNR04/00,Paros,Choroda,Lakk1,ParosCho,Choroda,Choroda,,"2,00","-0,91","1,94"
KS1.3,CNR04/00,Paros,Choroda,Lakk1,ParosCho,Choroda,Choroda,,"1,30","-0,99","1,96"
KS1.4,CNR04/00,Paros,Choroda,Lakk1,ParosCho,Choroda,Choroda,,"1,40","-0,89","1,99"
KS1.5,CNR04/00,Paros,Choroda,Lakk1,ParosCho,Choroda,Choroda,,"2,00","-1,10","1,84"
KS1.6,CNR04/00,Paros,Choroda,Lakk1,ParosCho,Choroda,Choroda,,"1,70","-0,95","1,94"
KS1.7,CNR04/00,Paros,Choroda,Lakk1,ParosCho,Choroda,Choroda,,"2,50","-1,06","1,90"
KS1.8,CNR04/00,Paros,Choroda,Lakk1,ParosCho,Choroda,Choroda,,"1,80","-0,85","1,95"
KS1.9,CNR04/00,Paros,Choroda,Lakk1,ParosCho,Choroda,Choroda,,"1,50","-0,93","1,84"
KS1.10,CNR04/00,Paros,Choroda,Lakk1,ParosCho,Choroda,Choroda,,"1,40","-0,80","1,95"
KS1.11,CNR04/00,Paros,Choroda,Lakk1,ParosCho,Choroda,Choroda,,"1,70","-1,10","1,82"
KS2.1,CNR04/00,Paros,Choroda,Lakk2,ParosCho,Choroda,Choroda,,"1,80","-1,86","1,96"
KS2.2,CNR04/00,Paros,Choroda,Lakk2,ParosCho,Choroda,Choroda,,"1,90","-2,57","1,83"
KS2.4,CNR04/00,Paros,Choroda,Lakk2,ParosCho,Choroda,Choroda,,"2,10","-1,04","1,77"
KS2.5a,CNR04/00,Paros,Choroda,Lakk2,ParosCho,Choroda,Choroda,,"1,80","-1,01","1,92"
KS2.6a,CNR04/00,Paros,Choroda,Lakk2,ParosCho,Choroda,Choroda,,"1,80","-0,88","1,82"
KS2.7a,CNR04/00,Paros,Choroda,Lakk2,ParosCho,Choroda,Choroda,,"1,50","-1,33","1,33"
KS2.8a,CNR04/00,Paros,Choroda,Lakk2,ParosCho,Choroda,Choroda,,"1,00","-0,75","1,79"
KS2.9a,CNR04/00,Paros,Choroda,Lakk2,ParosCho,Choroda,Choroda,,"1,70","-0,94","1,77"
KS3.1,CNR04/00,Paros,Choroda,Lakk3,ParosCho,Choroda,Choroda,,"2,10","-1,29","2,07"
KS3.2,CNR04/00,Paros,Choroda,Lakk3,ParosCho,Choroda,Choroda,,"2,00","-0,94","1,83"
KS3.3,CNR04/00,Paros,Choroda,Lakk3,ParosCho,Choroda,Choroda,,"2,10","-0,74","1,80"
KS3.4,CNR04/00,Paros,Choroda,Lakk3,ParosCho,Choroda,Choroda,,"2,40","-0,74","1,86"
KS3.5,CNR04/00,Paros,Choroda,Lakk3,ParosCho,Choroda,Choroda,,"2,10","-1,02","1,53"
KS3.6,CNR04/00,Paros,Choroda,Lakk3,ParosCho,Choroda,Choroda,,"2,20","-1,51","1,76"
KS3.7,CNR04/00,Paros,Choroda,Lakk3,ParosCho,Choroda,Choroda,,"2,50","-1,95","0,50"
KS3.8,CNR04/00,Paros,Choroda,Lakk3,ParosCho,Choroda,Choroda,,"0,90","-1,93","0,73"
KS3.9,CNR04/00,Paros,Choroda,Lakk3,ParosCho,Choroda,Choroda,,"1,80","-1,03","1,96"
KS3.10,CNR04/00,Paros,Choroda,Lakk3,ParosCho,Choroda,Choroda,,"1,40","-0,94","1,75"
KS3.11,CNR04/00,Paros,Choroda,Lakk3,ParosCho,Choroda,Choroda,,"2,10","-1,26","1,65"
KS3.12,CNR04/00,Paros,Choroda,Lakk3,ParosCho,Choroda,Choroda,,"2,30","-0,69","2,05"
v12,DBPens,Penteli,Penteli,Penteli,Penteli,Penteli,Penteli,,"0,60","-3,98","2,58"
v22,DBPens,Penteli,Penteli,Penteli,Penteli,Penteli,Penteli,,"0,70","-5,18","2,37"
v44,DBPens,Penteli,Penteli,Penteli,Penteli,Penteli,Penteli,,"0,80","-3,89","2,57"
v87,DBPens,Penteli,Penteli,Penteli,Penteli,Penteli,Penteli,,"0,80","-3,78","2,55"
n94,DBPens2,Penteli,Penteli,Penteli,Penteli,Penteli,Penteli,,"0,70","-7,95","2,54"
n98,DBPens2,Penteli,Penteli,Penteli,Penteli,Penteli,Penteli,,"0,90","-7,75","2,68"
I1,Pens5/97,Penteli,KL,K129,Penteli,Penteli,Penteli,,"0,80","-6,52","2,86"
I2,Pens5/97,Penteli,KL,K129,Penteli,Penteli,Penteli,,"0,70","-4,96","2,98"
I3,Pens5/97,Penteli,KL,K129,Penteli,Penteli,Penteli,,"0,80","-5,52","1,95"
S1,Pens5/97,Penteli,Lambda,L1,Penteli,Penteli,Penteli,,"0,80","-8,19","3,02"
S2,Pens5/97,Penteli,Lambda,L1,Penteli,Penteli,Penteli,,"0,90","-8,10","2,93"
S4,Pens5/97,Penteli,Lambda,L2,Penteli,Penteli,Penteli,,"0,80","-6,74","3,53"
S5,Pens5/97,Penteli,Lambda,L2,Penteli,Penteli,Penteli,,"0,80","-6,55","4,05"
K1,Pens5/97,Penteli,Kokkina,Kokkina,Penteli,Penteli,Penteli,,"0,60","-4,32","2,54"
K2,Pens5/97,Penteli,Kokkina,Kokkina,Penteli,Penteli,Penteli,,"0,80","-5,53","2,17"
K3,Pens5/97,Penteli,Kokkina,Kokkina,Penteli,Penteli,Penteli,,"0,80","-4,50","2,51"
K4,Pens5/97,Penteli,Kokkina,Kokkina,Penteli,Penteli,Penteli,,"0,90","-5,04","2,22"
K5,Pens5/97,Penteli,Kokkina,Kokkina,Penteli,Penteli,Penteli,,"0,90","-5,70","2,41"
K5a,Pens5/97,Penteli,Kokkina,Kokkina,Penteli,Penteli,Penteli,,"0,70","-5,97","2,33"
K6,Pens5/97,Penteli,Kokkina,Kokkina,Penteli,Penteli,Penteli,,"0,80","-5,87","2,29"
K7,Pens5/97,Penteli,Kokkina,Kokkina,Penteli,Penteli,Penteli,,"0,80","-5,93","2,41"
SL11,CNRnov97,Penteli,Lambda,L1/L2,Penteli,Penteli,Penteli,,"0,90","-8,97","2,46"
SL13,CNRnov97,Penteli,Lambda,L1/L2,Penteli,Penteli,Penteli,,"0,90","-8,21","2,70"
SL14,CNRnov97,Penteli,Lambda,L1/L2,Penteli,Penteli,Penteli,,"1,00","-7,91","2,96"
SL15,CNRnov97,Penteli,Lambda,L1/L2,Penteli,Penteli,Penteli,,"1,20","-8,13","3,72"
SL16,CNRnov97,Penteli,Lambda,L1/L2,Penteli,Penteli,Penteli,,"0,80","-7,71","2,81"
SL17,CNRnov97,Penteli,Lambda,L1/L2,Penteli,Penteli,Penteli,,"1,00","-8,25","2,99"
SL18,CNRnov97,Penteli,Lambda,L1/L2,Penteli,Penteli,Penteli,,"1,40","-8,00","3,00"
SL21,CNRnov97,Penteli,Lambda,L1/L2,Penteli,Penteli,Penteli,,"1,00","-7,81","3,92"
SL22,CNRnov97,Penteli,Lambda,L1/L2,Penteli,Penteli,Penteli,,"1,20","-6,87","3,93"
SL23,CNRnov97,Penteli,Lambda,L1/L2,Penteli,Penteli,Penteli,,"1,20","-7,06","3,47"
SL24,CNRnov97,Penteli,Lambda,L1/L2,Penteli,Penteli,Penteli,,"1,20","-7,79","2,50"
SML11,CNRnov97,Penteli,Lambda,L3-L5,Penteli,Penteli,Penteli,,"0,90","-5,22","2,40"
SML12,CNRnov97,Penteli,Lambda,L3-L5,Penteli,Penteli,Penteli,,"1,10","-7,57","2,60"
SML13,CNRnov97,Penteli,Lambda,L3-L5,Penteli,Penteli,Penteli,,"1,50","-7,49","2,61"
SML14,CNRnov97,Penteli,Lambda,L3-L5,Penteli,Penteli,Penteli,,"1,00","-5,90","2,48"
SML21,CNRnov97,Penteli,Lambda,L3-L5,Penteli,Penteli,Penteli,,"0,80","-6,10","3,79"
SML22,CNRnov97,Penteli,Lambda,L3-L5,Penteli,Penteli,Penteli,,"1,00","-5,61","2,67"
SML23,CNRnov97,Penteli,Lambda,L3-L5,Penteli,Penteli,Penteli,,"1,00","-5,56","2,66"
SML24,CNRnov97,Penteli,Lambda,L3-L5,Penteli,Penteli,Penteli,,"0,90","-5,46","2,48"
SML31,CNRnov97,Penteli,Lambda,L3-L5,Penteli,Penteli,Penteli,,"0,90","-7,03","3,04"
SML32,CNRnov97,Penteli,Lambda,L3-L5,Penteli,Penteli,Penteli,,"1,00","-4,49","2,86"
SML33,CNRnov97,Penteli,Lambda,L3-L5,Penteli,Penteli,Penteli,,"0,90","-5,58","2,83"
SML34,CNRnov97,Penteli,Lambda,L3-L5,Penteli,Penteli,Penteli,,"1,20","-7,19","3,08"
SML41,CNRnov97,Penteli,Lambda,L3-L5,Penteli,Penteli,Penteli,,"1,00","-6,98","2,58"
SML42,CNRnov97,Penteli,Lambda,L3-L5,Penteli,Penteli,Penteli,,"1,20","-8,26","2,90"
SMH11,CNRnov97,Penteli,Lambda,L6-L8,Penteli,Penteli,Penteli,,"1,20","-6,67","2,70"
SMH12,CNRnov97,Penteli,Lambda,L6-L8,Penteli,Penteli,Penteli,,"0,90","-6,40","2,70"
SMH13,CNRnov97,Penteli,Lambda,L6-L8,Penteli,Penteli,Penteli,,"1,20","-7,30","2,61"
SMH14,CNRnov97,Penteli,Lambda,L6-L8,Penteli,Penteli,Penteli,,"1,80","-4,88","2,56"
SMH15,CNRnov97,Penteli,Lambda,L6-L8,Penteli,Penteli,Penteli,,"1,00","-7,35","2,38"
SMH17,CNRnov97,Penteli,Lambda,L6-L8,Penteli,Penteli,Penteli,,"0,80","-6,67","2,50"
SMH18,CNRnov97,Penteli,Lambda,L6-L8,Penteli,Penteli,Penteli,,"1,00","-7,42","2,63"
SMH19,CNRnov97,Penteli,Lambda,L6-L8,Penteli,Penteli,Penteli,,"1,00","-7,30","2,56"
SMH22,CNRnov97,Penteli,Lambda,L6-L8,Penteli,Penteli,Penteli,,"0,90","-7,52","2,54"
SMH24,CNRnov97,Penteli,Lambda,L6-L8,Penteli,Penteli,Penteli,,"0,90","-8,20","2,53"
SMH25,CNRnov97,Penteli,Lambda,L6-L8,Penteli,Penteli,Penteli,,"1,20","-8,45","2,29"
SMH26,CNRnov97,Penteli,Lambda,L6-L8,Penteli,Penteli,Penteli,,"1,00","-7,59","2,62"
SMH27,CNRnov97,Penteli,Lambda,L6-L8,Penteli,Penteli,Penteli,,"1,00","-8,03","2,45"
SMH28,CNRnov97,Penteli,Lambda,L6-L8,Penteli,Penteli,Penteli,,"1,20","-7,74","2,70"
SMH29,CNRnov97,Penteli,Lambda,L6-L8,Penteli,Penteli,Penteli,,"1,20","-8,17","2,52"
SMH210,CNRnov97,Penteli,Lambda,L6-L8,Penteli,Penteli,Penteli,,"1,20","-8,30","2,39"
SMH211,CNRnov97,Penteli,Lambda,L6-L8,Penteli,Penteli,Penteli,,"1,30","-8,13","2,58"
SMH213,CNRnov97,Penteli,Lambda,L6-L8,Penteli,Penteli,Penteli,,"0,90","-7,45","2,46"
SMH214,CNRnov97,Penteli,Lambda,L6-L8,Penteli,Penteli,Penteli,,"1,20","-7,24","2,43"
SMH215,CNRnov97,Penteli,Lambda,L6-L8,Penteli,Penteli,Penteli,,"0,90","-6,53","2,34"
SMH216,CNRnov97,Penteli,Lambda,L6-L8,Penteli,Penteli,Penteli,,"1,20","-8,46","2,40"
SMH217,CNRnov97,Penteli,Lambda,L6-L8,Penteli,Penteli,Penteli,,"0,90","-6,11","2,60"
SMH218,CNRnov97,Penteli,Lambda,L6-L8,Penteli,Penteli,Penteli,,"0,80","-8,40","2,42"
SMH220,CNRnov97,Penteli,Lambda,L6-L8,Penteli,Penteli,Penteli,,"1,10","-7,66","2,47"
SMH221,CNRnov97,Penteli,Lambda,L6-L8,Penteli,Penteli,Penteli,,"0,90","-8,47","2,38"
SH2,CNRnov97,Penteli,Lambda,L10-L12,Penteli,Penteli,Penteli,,"0,90","-6,16","2,75"
SH3,CNRnov97,Penteli,Lambda,L10-L12,Penteli,Penteli,Penteli,,"1,00","-7,00","2,41"
SH4,CNRnov97,Penteli,Lambda,L10-L12,Penteli,Penteli,Penteli,,"1,20","-7,73","2,38"
SH5,CNRnov97,Penteli,Lambda,L10-L12,Penteli,Penteli,Penteli,,"1,00","-8,24","2,13"
SH6,CNRnov97,Penteli,Lambda,L10-L12,Penteli,Penteli,Penteli,,"1,20","-7,69","2,39"
SH7,CNRnov97,Penteli,Lambda,L10-L12,Penteli,Penteli,Penteli,,"1,00","-7,08","2,31"
Pe1.1,CNRgiu02,Penteli,Lambda,L1,Penteli,Penteli,Penteli,,"1,10","-8,08","2,67"
Pe1.2,CNRgiu02,Penteli,Lambda,L1,Penteli,Penteli,Penteli,,"0,90","-3,98","2,44"
Pe1.3,CNRgiu02,Penteli,Lambda,L1,Penteli,Penteli,Penteli,,"1,10","-7,90","2,67"
Pe1.4,CNRgiu02,Penteli,Lambda,L1,Penteli,Penteli,Penteli,,"0,90","-9,01","2,52"
Pe1.5,CNRgiu02,Penteli,Lambda,L1,Penteli,Penteli,Penteli,,"1,00","-7,96","2,37"
Pe1.6,CNRgiu02,Penteli,Lambda,L1,Penteli,Penteli,Penteli,,"1,10","-5,96","2,69"
Pe2.1,CNRgiu02,Penteli,Lambda,L2,Penteli,Penteli,Penteli,,"1,00","-7,47","2,57"
Pe2.2,CNRgiu02,Penteli,Lambda,L2,Penteli,Penteli,Penteli,,"0,90","-7,68","2,70"
Pe2.3,CNRgiu02,Penteli,Lambda,L2,Penteli,Penteli,Penteli,,"0,80","-6,87","2,51"
Pe2.4,CNRgiu02,Penteli,Lambda,L2,Penteli,Penteli,Penteli,,"1,10","-7,52","3,89"
Pe2.5,CNRgiu02,Penteli,Lambda,L2,Penteli,Penteli,Penteli,,"0,90","-7,53","4,09"
Pe2.6,CNRgiu02,Penteli,Lambda,L2,Penteli,Penteli,Penteli,,"1,00","-6,74","3,83"
Pe2.7,CNRgiu02,Penteli,Lambda,L2,Penteli,Penteli,Penteli,,"1,00","-7,52","2,59"
Pe2.8,CNRgiu02,Penteli,Lambda,L2,Penteli,Penteli,Penteli,,"0,90","-7,26","3,33"
Pe2.9,CNRgiu02,Penteli,Lambda,L2,Penteli,Penteli,Penteli,,"1,00","-8,07","2,46"
Pe3.1,CNRgiu02,Penteli,Lambda,L3,Penteli,Penteli,Penteli,,"0,90","-7,82","2,31"
Pe3.2,CNRgiu02,Penteli,Lambda,L3,Penteli,Penteli,Penteli,,"0,90","-6,69","2,69"
Pe3.3,CNRgiu02,Penteli,Lambda,L3,Penteli,Penteli,Penteli,,"1,00","-7,80","2,40"
Pe3.4,CNRgiu02,Penteli,Lambda,L3,Penteli,Penteli,Penteli,,"0,80","-7,62","2,48"
Pe5.1,CNRgiu02,Penteli,Lambda,L5,Penteli,Penteli,Penteli,,"0,80","-7,67","2,55"
Pe5.2,CNRgiu02,Penteli,Lambda,L5,Penteli,Penteli,Penteli,,"0,80","-8,53","2,33"
Pe5.3,CNRgiu02,Penteli,Lambda,L5,Penteli,Penteli,Penteli,,"0,90","-8,35","2,56"
Pe5.4,CNRgiu02,Penteli,Lambda,L5,Penteli,Penteli,Penteli,,"0,90","-7,64","2,35"
Pe5.5,CNRgiu02,Penteli,Lambda,L5,Penteli,Penteli,Penteli,,"0,80","-7,67","2,34"
Pe5.6,CNRgiu02,Penteli,Lambda,L5,Penteli,Penteli,Penteli,,"0,90","-7,99","2,45"
Pe5.7,CNRgiu02,Penteli,Lambda,L5,Penteli,Penteli,Penteli,,"0,70","-7,20","2,53"
Pe5.8,CNRgiu02,Penteli,Lambda,L5,Penteli,Penteli,Penteli,,"0,70","-8,01","2,49"
Pe5.9,CNRgiu02,Penteli,Lambda,L5,Penteli,Penteli,Penteli,,"1,00","-8,10","2,48"
Pe5.10,CNRgiu02,Penteli,Lambda,L5,Penteli,Penteli,Penteli,,"1,10","-8,48","2,35"
Pe5.11,CNRgiu02,Penteli,Lambda,L5,Penteli,Penteli,Penteli,,"0,90","-7,44","2,44"
Pe5.12,CNRgiu02,Penteli,Lambda,L5,Penteli,Penteli,Penteli,,"1,10","-7,67","2,53"
Pe7.1,CNRgiu02,Penteli,Lambda,L7,Penteli,Penteli,Penteli,,"0,90","-7,51","2,65"
Pe7.2,CNRgiu02,Penteli,Lambda,L7,Penteli,Penteli,Penteli,,"1,00","-8,15","2,48"
Pe7.4,CNRgiu02,Penteli,Lambda,L7,Penteli,Penteli,Penteli,,"1,00","-5,69","2,33"
Pe8.1,CNRgiu02,Penteli,Lambda,L8,Penteli,Penteli,Penteli,,"0,90","-7,70","2,43"
Pe8.2,CNRgiu02,Penteli,Lambda,L8,Penteli,Penteli,Penteli,,"0,90","-7,11","2,57"
Pe8.3,CNRgiu02,Penteli,Lambda,L8,Penteli,Penteli,Penteli,,"1,10","-7,14","2,76"
Pe8.4,CNRgiu02,Penteli,Lambda,L8,Penteli,Penteli,Penteli,,"0,90","-8,09","2,66"
Pe8.5,CNRgiu02,Penteli,Lambda,L8,Penteli,Penteli,Penteli,,"0,70","-6,70","2,77"
Pe8.6,CNRgiu02,Penteli,Lambda,L8,Penteli,Penteli,Penteli,,"1,00","-8,56","2,51"
Pe8.7,CNRgiu02,Penteli,Lambda,L8,Penteli,Penteli,Penteli,,"0,80","-7,36","2,57"
Pe8.8,CNRgiu02,Penteli,Lambda,L8,Penteli,Penteli,Penteli,,"0,90","-7,75","2,47"
Pe8.9,CNRgiu02,Penteli,Lambda,L8,Penteli,Penteli,Penteli,,"1,10","-8,30","2,41"
Pe8.10,CNRgiu02,Penteli,Lambda,L8,Penteli,Penteli,Penteli,,"0,90","-7,88","2,38"
Pe10.1,CNRgiu02,Penteli,Lambda,L10,Penteli,Penteli,Penteli,,"1,00","-6,99","2,47"
Pe10.2,CNRgiu02,Penteli,Lambda,L10,Penteli,Penteli,Penteli,,"0,90","-6,92","2,71"
Pe10.3,CNRgiu02,Penteli,Lambda,L10,Penteli,Penteli,Penteli,,"0,90","-7,34","2,85"
Pe10.4,CNRgiu02,Penteli,Lambda,L10,Penteli,Penteli,Penteli,,"1,10","-6,76","2,70"
Pe10.5,CNRgiu02,Penteli,Lambda,L10,Penteli,Penteli,Penteli,,"1,20","-7,56","2,58"
Pe10.6,CNRgiu02,Penteli,Lambda,L10,Penteli,Penteli,Penteli,,"1,00","-8,62","2,34"
Pe10.7,CNRgiu02,Penteli,Lambda,L10,Penteli,Penteli,Penteli,,"0,80","-7,79","2,53"
Pe10.8,CNRgiu02,Penteli,Lambda,L10,Penteli,Penteli,Penteli,,"0,90","-5,01","2,33"
Pe10.9,CNRgiu02,Penteli,Lambda,L10,Penteli,Penteli,Penteli,,"0,90","-8,09","2,48"
Pe10.10,CNRgiu02,Penteli,Lambda,L10,Penteli,Penteli,Penteli,,"1,00","-7,19","2,46"
Pe10.11,CNRgiu02,Penteli,Lambda,L10,Penteli,Penteli,Penteli,,"1,30","-8,05","2,62"
Pe10.12,CNRgiu02,Penteli,Lambda,L10,Penteli,Penteli,Penteli,,"1,10","-5,08","2,20"
Pe12.1,CNRgiu02,Penteli,Lambda,L12,Penteli,Penteli,Penteli,,"0,80","-5,24","2,38"
Pe12.2,CNRgiu02,Penteli,Lambda,L12,Penteli,Penteli,Penteli,,"0,70","-4,65","2,50"
Pe12.3,CNRgiu02,Penteli,Lambda,L12,Penteli,Penteli,Penteli,,"0,80","-4,08","2,44"
Pe12.4,CNRgiu02,Penteli,Lambda,L12,Penteli,Penteli,Penteli,,"0,80","-4,11","2,70"
Pe12.5,CNRgiu02,Penteli,Lambda,L12,Penteli,Penteli,Penteli,,"0,80","-6,62","2,52"
Pe12.6,CNRgiu02,Penteli,Lambda,L12,Penteli,Penteli,Penteli,,"0,80","-5,48","2,30"
Pe12.7,CNRgiu02,Penteli,Lambda,L12,Penteli,Penteli,Penteli,,"0,70","-5,56","2,40"
Pe129.1,CNRgiu02,Penteli,KL,K129,Penteli,Penteli,Penteli,,"1,10","-6,45","2,75"
Pe129.2,CNRgiu02,Penteli,KL,K129,Penteli,Penteli,Penteli,,"1,20","-5,09","2,52"
Pe129.3,CNRgiu02,Penteli,KL,K129,Penteli,Penteli,Penteli,,"1,00","-5,49","2,62"
Pe129.4,CNRgiu02,Penteli,KL,K129,Penteli,Penteli,Penteli,,"0,90","-7,20","1,88"
Pe129.5,CNRgiu02,Penteli,KL,K129,Penteli,Penteli,Penteli,,"0,90","-6,84","2,72"
Pe129.6,CNRgiu02,Penteli,KL,K129,Penteli,Penteli,Penteli,,"1,30","-5,14","2,58"
Pe129.7,CNRgiu02,Penteli,KL,K129,Penteli,Penteli,Penteli,,"0,90","-6,59","2,48"
Pe129.8,CNRgiu02,Penteli,KL,K129,Penteli,Penteli,Penteli,,"1,00","-6,13","2,74"
Pe130.1,CNRgiu02,Penteli,KL,K130,Penteli,Penteli,Penteli,,"0,80","-7,64","3,02"
Pe130.2,CNRgiu02,Penteli,KL,K130,Penteli,Penteli,Penteli,,"1,30","-7,99","2,60"
Pe130.3,CNRgiu02,Penteli,KL,K130,Penteli,Penteli,Penteli,,"0,60","-8,37","2,44"
Pe130.4,CNRgiu02,Penteli,KL,K130,Penteli,Penteli,Penteli,,"0,70","-8,65","2,90"
Pe130.5,CNRgiu02,Penteli,KL,K130,Penteli,Penteli,Penteli,,"0,80","-6,99","2,30"
Pe130.6,CNRgiu02,Penteli,KL,K130,Penteli,Penteli,Penteli,,"0,70","-8,50","2,36"
OC13_1,CNR10/99,Proconn,,,Proconnesos1,Pro,Pro-core,,"1,80","-2,24","2,38"
OC13_2,CNR10/99,Proconn,,,Proconnesos1,Pro,Pro-core,,"1,95","-2,33","2,25"
OC13_3,CNR10/99,Proconn,,,Proconnesos1,Pro,Pro-core,,"2,60","-2,74","2,58"
OC13_4,CNR10/99,Proconn,,,Proconnesos1,Pro,Pro-core,,"1,85","-1,49","2,44"
OC13_5,CNR10/99,Proconn,,,Proconnesos1,Pro,Pro-core,,"2,45","-3,07","1,95"
OC13_6,CNR10/99,Proconn,,,Proconnesos1,Pro,Pro-core,,"1,55","-1,89","1,89"
OC13_7,CNR10/99,Proconn,,,Proconnesos1,Pro,Pro-core,,"1,80","-2,14","2,24"
OC13_8,CNR10/99,Proconn,,,Proconnesos1,Pro,Pro-core,,"2,20","-1,39","2,36"
OC13_9,CNR10/99,Proconn,,,Proconnesos1,Pro,Pro-core,,"1,90","-1,50","2,47"
OC13_10,CNR10/99,Proconn,,,Proconnesos1,Pro,Pro-core,,"1,80","-3,29","2,64"
OC13_11,CNR10/99,Proconn,,,Proconnesos1,Pro,Pro-core,,"3,25","-1,60","2,90"
OC13_12,CNR10/99,Proconn,,,Proconnesos1,Pro,Pro-core,,"2,90","-2,33","2,04"
OC13_13,CNR10/99,Proconn,,,Proconnesos1,Pro,Pro-core,,"2,20","-3,32","2,80"
OC13_14,CNR10/99,Proconn,,,Proconnesos1,Pro,Pro-core,,"1,70","-3,60","2,64"
Fi1,CNR10/99,Proconn,,,Proconnesos1,Pro,Pro-core,,"1,40","-1,21","1,81"
Fi2,CNR10/99,Proconn,,,Proconnesos1,Pro,Pro-core,,"1,93","-3,03","2,53"
Fi3,CNR10/99,Proconn,,,Proconnesos1,Pro,Pro-core,,"1,80","-1,79","2,29"
Fi4,CNR10/99,Proconn,,,Proconnesos1,Pro,Pro-core,,"2,50","-2,58","2,53"
Fi5,CNR10/99,Proconn,,,Proconnesos1,Pro,Pro-core,,"2,50","-1,93","2,01"
Fi6,CNR10/99,Proconn,,,Proconnesos1,Pro,Pro-core,,"2,50","-0,78","2,29"
Fi7,CNR10/99,Proconn,,,Proconnesos1,Pro,Pro-core,,"2,55","-2,04","1,80"
Fi8,CNR10/99,Proconn,,,Proconnesos1,Pro,Pro-core,,"2,28","-1,38","2,61"
Fi9,CNR10/99,Proconn,,,Proconnesos1,Pro,Pro-core,,"2,50","-1,35","2,84"
Fi10,CNR10/99,Proconn,,,Proconnesos1,Pro,Pro-core,,"2,50","-2,27","2,65"
Fi11,CNR10/99,Proconn,,,Proconnesos1,Pro,Pro-core,,"2,80","-1,71","2,07"
HA1,CNR10/99,Proconn,,,Proconnesos1,Pro,Pro-core,,"0,80","-0,78","2,73"
HA2,CNR10/99,Proconn,,,Proconnesos1,Pro,Pro-core,,"1,50","-0,58","2,23"
HA3,CNR10/99,Proconn,,,Proconnesos1,Pro,Pro-core,,"1,60","-0,65","2,54"
HA4,CNR10/99,Proconn,,,Proconnesos1,Pro,Pro-core,,"1,10","-0,33","2,29"
HA5,CNR10/99,Proconn,,,Proconnesos1,Pro,Pro-core,,"1,10","-1,85","2,31"
HA6,CNR10/99,Proconn,,,Proconnesos1,Pro,Pro-core,,"1,80","-1,92","2,58"
HA7,CNR10/99,Proconn,,,Proconnesos1,Pro,Pro-core,,"2,20","-0,74","2,30"
HA8,CNR10/99,Proconn,,,Proconnesos1,Pro,Pro-core,,"1,40","-0,91","2,75"
HA9,CNR10/99,Proconn,,,Proconnesos1,Pro,Pro-core,,"1,30","-0,38","2,44"
HA10,CNR10/99,Proconn,,,Proconnesos1,Pro,Pro-core,,"1,80","-1,56","2,19"
PA1,CNR10/99,Proconn,,,Proconnesos1,Pro,Pro-core,,"1,60","-0,68","2,60"
PA2,CNR10/99,Proconn,,,Proconnesos1,Pro,Pro-core,,"1,80","-0,69","2,21"
PA3,CNR10/99,Proconn,,,Proconnesos1,Pro,Pro-core,,"1,80","-2,19","2,45"
PAsin,CNR10/99,Proconn,,,Proconnesos1,Pro,Pro-core,,"2,10","-0,77","2,53"
OC140_1,CNR10/99,Proconn,,,Proconnesos1,Pro,Pro-core,,"0,70","-1,83","2,62"
OC140_2,CNR10/99,Proconn,,,Proconnesos1,Pro,Pro-core,,"1,80","-0,96","2,39"
OBG1,CNR10/99,Proconn,,,Proconnesos1,Pro,Pro-core,,"2,10","-1,00","2,57"
OBG2,CNR10/99,Proconn,,,Proconnesos1,Pro,Pro-core,,"1,40","-0,63","2,48"
OBGS1,CNR10/99,Proconn,,,Proconnesos1,Pro,Pro-core,,"1,80","-0,99","2,62"
OBGS2,CNR10/99,Proconn,,,Proconnesos1,Pro,Pro-core,,"1,40","-0,68","2,52"
OBGS3,CNR10/99,Proconn,,,Proconnesos1,Pro,Pro-core,,"1,30","-0,82","2,39"
OBGS4,CNR10/99,Proconn,,,Proconnesos1,Pro,Pro-core,,"1,70","-0,83","2,60"
CO1,CNR10/99,Proconn,,,Proconnesos1,Pro,Pro-core,,"1,80","-0,52","2,55"
CO2,CNR10/99,Proconn,,,Proconnesos1,Pro,Pro-core,,"2,00","-1,09","2,41"
PRO1,CNR10/99,Proconn,,,Proconnesos1,Pro,Pro-core,,"0,65","-3,40","1,63"
PRO2,CNR10/99,Proconn,,,Proconnesos1,Pro,Pro-core,,"1,40","-2,85","2,24"
PRO3,CNR10/99,Proconn,,,Proconnesos1,Pro,Pro-core,,"1,80","-1,67","2,94"
PRO4,CNR10/99,Proconn,,,Proconnesos1,Pro,Pro-core,,"2,30","-2,77","3,05"
PRO5,CNR10/99,Proconn,,,Proconnesos1,Pro,Pro-core,,"1,10","-1,89","2,96"
PRO6,CNR10/99,Proconn,,,Proconnesos1,Pro,Pro-core,,"2,40","-2,53","2,19"
PRO7,CNR10/99,Proconn,,,Proconnesos1,Pro,Pro-core,,"2,10","-2,30","2,28"
PRO9,CNR10/99,Proconn,,,Proconnesos1,Pro,Pro-core,,"2,00","-3,86","2,66"
PRO10,CNR10/99,Proconn,,,Proconnesos1,Pro,Pro-core,,"1,50","-2,89","2,45"
PRO11,CNR10/99,Proconn,,,Proconnesos1,Pro,Pro-core,,"2,00","-1,38","2,53"
PRO12,CNR10/99,Proconn,,,Proconnesos1,Pro,Pro-core,,"2,50","-3,48","2,60"
PRO13,CNR10/99,Proconn,,,Proconnesos1,Pro,Pro-core,,"2,40","-1,94","2,58"
PRO14,CNR10/99,Proconn,,,Proconnesos1,Pro,Pro-core,,"1,80","-1,94","1,73"
PRO15,CNR10/99,Proconn,,,Proconnesos1,Pro,Pro-core,,"1,50","-2,02","2,82"
PRO16,CNR10/99,Proconn,,,Proconnesos1,Pro,Pro-core,,"2,00","-2,70","3,12"
PRO17,CNR10/99,Proconn,,,Proconnesos2,Pro2,Pro-2,,"2,50","-6,40","3,21"
PRO18,CNR10/99,Proconn,,,Proconnesos1,Pro,Pro-core,,"2,10","-2,84","2,82"
PRO19,CNR10/99,Proconn,,,Proconnesos1,Pro,Pro-core,,"1,80","-2,70","2,83"
PRO20,CNR10/99,Proconn,,,Proconnesos1,Pro,Pro-core,,"2,00","-3,16","2,25"
PRO22,CNR10/99,Proconn,,,Proconnesos2,Pro2,Pro-2,,"1,70","-5,53","2,51"
PRO23,CNR10/99,Proconn,,,Proconnesos1,Pro,Pro-core,,"2,00","-2,35","3,11"
PRO24,CNR10/99,Proconn,,,Proconnesos1,Pro,Pro-core,,"0,60","-1,79","2,60"
PRO25,CNR10/99,Proconn,,,Proconnesos1,Pro,Pro-core,,"1,80","-1,60","3,00"
PRO26,CNR10/99,Proconn,,,Proconnesos1,Pro,Pro-core,,"2,00","-0,92","3,24"
cor30,CNR10/99,Proconn,,,Proconnesos1,Pro,Pro-core,,"0,70","-1,81","1,96"
cor31,CNR10/99,Proconn,,,Proconnesos1,Pro,Pro-core,,"1,50","-1,64","3,07"
cor32,CNR10/99,Proconn,,,Proconnesos1,Pro,Pro-core,,"1,40","-2,12","2,75"
cor33,CNR10/99,Proconn,,,Proconnesos1,Pro,Pro-core,,"2,00","-1,19","2,97"
cor34,CNR10/99,Proconn,,,Proconnesos1,Pro,Pro-core,,"2,00","-0,96","2,71"
cor35,CNR10/99,Proconn,,,Proconnesos1,Pro,Pro-core,,"1,40","-1,92","2,91"
cor36,CNR10/99,Proconn,,,Proconnesos1,Pro,Pro-core,,"0,40","-1,08","2,52"
cor38,CNR10/99,Proconn,,,Proconnesos1,Pro,Pro-core,,"1,80","-1,19","3,00"
cor39,CNR10/99,Proconn,,,Proconnesos1,Pro,Pro-core,,"2,00","-1,09","2,78"
cor40,CNR10/99,Proconn,,,Proconnesos1,Pro,Pro-core,,"1,70","-1,35","2,00"
cor41,CNR10/99,Proconn,,,Proconnesos1,Pro,Pro-core,,"1,90","-1,83","2,74"
cor42,CNR10/99,Proconn,,,Proconnesos1,Pro,Pro-core,,"1,80","-0,96","2,93"
cor43,CNR10/99,Proconn,,,Proconnesos1,Pro,Pro-core,,"2,40","-0,89","3,08"
cor44,CNR10/99,Proconn,,,Proconnesos1,Pro,Pro-core,,"2,00","-1,79","2,47"
cor45,CNR10/99,Proconn,,,Proconnesos1,Pro,Pro-core,,"1,70","-2,16","2,70"
cor46,CNR10/99,Proconn,,,Proconnesos1,Pro,Pro-core,,"1,80","-1,97","2,74"
cor47,CNR10/99,Proconn,,,Proconnesos1,Pro,Pro-core,,"1,60","-1,41","2,70"
PRO1X,CNR10/99,Proconn,,,Proconnesos1,Pro,Pro-core,,"2,50","-2,75","2,01"
PRO2X,CNR10/99,Proconn,,,Proconnesos1,Pro,Pro-core,,"0,80","-2,14","2,32"
PRO4X,CNR10/99,Proconn,,,Proconnesos1,Pro,Pro-core,,"2,00","-1,60","3,61"
OC993_1,CNR10/99,Proconn,,,Proconnesos1,Pro,Pro-core,,"2,30","-2,37","2,34"
OC993_3,CNR10/99,Proconn,,,Proconnesos1,Pro,Pro-core,,"1,00","-5,20","2,63"
OC994_1,CNR10/99,Proconn,,,Proconnesos1,Pro,Pro-core,,"0,90","-3,89","2,35"
OC994_2,CNR10/99,Proconn,,,Proconnesos1,Pro,Pro-core,,"1,00","-2,01","2,25"
OC994_3,CNR10/99,Proconn,,,Proconnesos1,Pro,Pro-core,,"2,00","-4,50","2,43"
UF1,CNR10/99,Proconn,,,Proconnesos1,Pro,Pro-core,,"2,10","-1,79","2,88"
UF2,CNR10/99,Proconn,,,Proconnesos1,Pro,Pro-core,,"2,50","-1,75","2,83"
UF3,CNR10/99,Proconn,,,Proconnesos1,Pro,Pro-core,,"2,40","-1,83","3,18"
AKS1,CNR10/99,Proconn,,,Proconnesos1,Pro,Pro-core,,"2,30","-0,79","2,53"
AKS2,CNR10/99,Proconn,,,Proconnesos1,Pro,Pro-core,,"2,10","-0,57","2,31"
AKS3,CNR10/99,Proconn,,,Proconnesos1,Pro,Pro-core,,"1,80","-0,54","2,40"
AKS4,CNR10/99,Proconn,,,Proconnesos1,Pro,Pro-core,,"2,00","-0,28","2,40"
AKS5,CNR10/99,Proconn,,,Proconnesos1,Pro,Pro-core,,"1,80","-0,64","2,70"
AKS6,CNR10/99,Proconn,,,Proconnesos1,Pro,Pro-core,,"2,60","-0,66","2,29"
AKS7,CNR10/99,Proconn,,,Proconnesos1,Pro,Pro-core,,"2,70","-0,74","2,60"
AKS8,CNR10/99,Proconn,,,Proconnesos1,Pro,Pro-core,,"1,80","-0,32","2,49"
AKS9,CNR10/99,Proconn,,,Proconnesos1,Pro,Pro-core,,"2,50","-2,82","2,45"
AKS10,CNR10/99,Proconn,,,Proconnesos1,Pro,Pro-core,,"1,80","-1,47","1,60"
SU1,CNR10/99,Proconn,,,Proconnesos1,Pro,Pro-core,,"2,20","-1,52","2,05"
SU2,CNR10/99,Proconn,,,Proconnesos1,Pro,Pro-core,,"0,90","-1,29","2,04"
SU3,CNR10/99,Proconn,,,Proconnesos1,Pro,Pro-core,,"2,50","-0,82","2,75"
SU4,CNR10/99,Proconn,,,Proconnesos1,Pro,Pro-core,,"3,50","-1,01","2,65"
SU5,CNR10/99,Proconn,,,Proconnesos1,Pro,Pro-core,,"2,40","-0,86","2,63"
SU6,CNR10/99,Proconn,,,Proconnesos1,Pro,Pro-core,,"2,50","-1,26","2,47"
SU7,CNR10/99,Proconn,,,Proconnesos1,Pro,Pro-core,,"2,90","-0,89","2,59"
SU8,CNR10/99,Proconn,,,Proconnesos1,Pro,Pro-core,,"2,60","-1,15","2,45"
SU9,CNR10/99,Proconn,,,Proconnesos1,Pro,Pro-core,,"2,10","-1,77","2,16"
SU10,CNR10/99,Proconn,,,Proconnesos1,Pro,Pro-core,,"3,00","-0,80","2,57"
SU11,CNR10/99,Proconn,,,Proconnesos1,Pro,Pro-core,,"2,60","-1,32","2,17"
SU12,CNR10/99,Proconn,,,Proconnesos1,Pro,Pro-core,,"1,90","-1,12","2,49"
SU13,CNR10/99,Proconn,,,Proconnesos1,Pro,Pro-core,,"2,00","-1,43","2,10"
SU14,CNR10/99,Proconn,,,Proconnesos1,Pro,Pro-core,,"2,30","-1,18","2,53"
SU15,CNR10/99,Proconn,,,Proconnesos1,Pro,Pro-core,,"2,20","-1,50","1,58"
SU16,CNR10/99,Proconn,,,Proconnesos1,Pro,Pro-core,,"2,40","-1,02","2,70"
SU17,CNR10/99,Proconn,,,Proconnesos1,Pro,Pro-core,,"2,00","-1,07","2,52"
SU18,CNR10/99,Proconn,,,Proconnesos1,Pro,Pro-core,,"2,20","-1,42","2,38"
MDl1,CNR10/99,Proconn,,,Proconnesos1,Pro,Pro-core,,"3,50","-0,94","2,76"
MDl2,CNR10/99,Proconn,,,Proconnesos1,Pro,Pro-core,,"0,80","-1,27","1,50"
MDl3,CNR10/99,Proconn,,,Proconnesos1,Pro,Pro-core,,"1,70","-0,95","2,94"
MDl4,CNR10/99,Proconn,,,Proconnesos1,Pro,Pro-core,,"2,30","-1,02","2,68"
MDl5,CNR10/99,Proconn,,,Proconnesos1,Pro,Pro-core,,"1,80","-1,28","2,80"
MDl6,CNR10/99,Proconn,,,Proconnesos1,Pro,Pro-core,,"2,10","-1,90","2,61"
MDl7,CNR10/99,Proconn,,,Proconnesos1,Pro,Pro-core,,"2,20","-1,92","2,70"
MDl8,CNR10/99,Proconn,,,Proconnesos1,Pro,Pro-core,,"1,30","-1,37","2,70"
MDh1,CNR10/99,Proconn,,,Proconnesos1,Pro,Pro-core,,"2,80","-0,93","2,97"
MDh2,CNR10/99,Proconn,,,Proconnesos2,Pro2,Pro-2,,"2,10","-6,57","2,25"
MDh3,CNR10/99,Proconn,,,Proconnesos1,Pro,Pro-core,,"2,20","-1,72","2,93"
MDh4,CNR10/99,Proconn,,,Proconnesos1,Pro,Pro-core,,"2,00","-0,77","2,80"
MDh5,CNR10/99,Proconn,,,Proconnesos1,Pro,Pro-core,,"1,90","-2,02","2,56"
MDh6,CNR10/99,Proconn,,,Proconnesos1,Pro,Pro-core,,"1,40","-1,83","2,53"
MDh7,CNR10/99,Proconn,,,Proconnesos1,Pro,Pro-core,,"1,80","-4,79","2,72"
MDh8,CNR10/99,Proconn,,,Proconnesos1,Pro,Pro-core,,"2,00","-0,84","2,80"
MDh9,CNR10/99,Proconn,,,Proconnesos1,Pro,Pro-core,,"2,40","-0,89","3,12"
MDh10,CNR10/99,Proconn,,,Proconnesos1,Pro,Pro-core,,"2,50","-0,96","2,95"
OC61,CNR10/99,Proconn,,,Proconnesos1,Pro,Pro-core,,"1,40","-2,22","2,21"
SA1,CNR10/99,Proconn,Saraylar,Saraylar,Proconnesos1,Pro,Pro-core,,"1,70","-3,57","3,25"
SA2,CNR10/99,Proconn,Saraylar,Saraylar,Proconnesos1,Pro,Pro-core,,"2,30","-2,58","3,21"
SA3,CNR10/99,Proconn,Saraylar,Saraylar,Proconnesos1,Pro,Pro-core,,"1,10","-2,60","2,56"
SA4,CNR10/99,Proconn,Saraylar,Saraylar,Proconnesos1,Pro,Pro-core,,"2,50","-2,04","2,84"
SA5,CNR10/99,Proconn,Saraylar,Saraylar,Proconnesos1,Pro,Pro-core,,"2,10","-2,45","2,62"
SA6,CNR10/99,Proconn,Saraylar,Saraylar,Proconnesos1,Pro,Pro-core,,"2,30","-4,39","2,39"
Sa7,CNR10/99,Proconn,Saraylar,Saraylar,Proconnesos1,Pro,Pro-core,,"1,80","-3,23","3,26"
SA8,CNR10/99,Proconn,Saraylar,Saraylar,Proconnesos1,Pro,Pro-core,,"1,60","-2,23","3,37"
SA9,CNR10/99,Proconn,Saraylar,Saraylar,Proconnesos1,Pro,Pro-core,,"2,40","-3,09","3,01"
SA10,CNR10/99,Proconn,Saraylar,Saraylar,Proconnesos1,Pro,Pro-core,,"2,50","-2,73","3,01"
C1.3,CNR09/04,Proconn,,C1,Proconnesos1,Pro,Pro-core,,"1,90","-2,76","1,92"
C1.4,CNR09/04,Proconn,,C1,Proconnesos1,Pro,Pro-core,,"2,10","-3,01","3,02"
C1.5,CNR09/04,Proconn,,C1,Proconnesos1,Pro,Pro-core,,"1,70","-3,82","1,00"
C1.6,CNR09/04,Proconn,,C1,Proconnesos1,Pro,Pro-core,,"1,40","-2,47","2,54"
C1.7,CNR09/04,Proconn,,C1,Proconnesos1,Pro,Pro-core,,"2,00","-2,37","2,48"
C1.8,CNR09/04,Proconn,,C1,Proconnesos1,Pro,Pro-core,,"1,80","-1,98","1,54"
C1.9,CNR09/04,Proconn,,C1,Proconnesos1,Pro,Pro-core,,"1,70","-2,09","3,22"
C1.11,CNR09/04,Proconn,,C1,Proconnesos1,Pro,Pro-core,,"2,00","-2,33","3,16"
C1.12,CNR09/04,Proconn,,C1,Proconnesos1,Pro,Pro-core,,"1,90","-2,74","2,48"
C1.13,CNR09/04,Proconn,,C1,Proconnesos1,Pro,Pro-core,,"1,80","-1,41","3,09"
C1.14,CNR09/04,Proconn,,C1,Proconnesos1,Pro,Pro-core,,"1,50","-1,66","3,02"
C1.16,CNR09/04,Proconn,,C1,Proconnesos1,Pro,Pro-core,,"1,80","-1,31","3,46"
C1.16b,CNR09/04,Proconn,,C1,Proconnesos1,Pro,Pro-core,,"1,50","-1,72","3,16"
C1.17,CNR09/04,Proconn,,C1,Proconnesos1,Pro,Pro-core,,"1,60","-1,96","2,98"
C1.18,CNR09/04,Proconn,,C1,Proconnesos1,Pro,Pro-core,,"1,50","-1,58","3,14"
C1.18b,CNR09/04,Proconn,,C1,Proconnesos1,Pro,Pro-core,,"1,80","-2,03","2,82"
C1.20,CNR09/04,Proconn,,C1,Proconnesos1,Pro,Pro-core,,"1,60","-2,19","2,71"
C1.21,CNR09/04,Proconn,,C1,Proconnesos1,Pro,Pro-core,,"1,90","-1,73","2,85"
C1.22,CNR09/04,Proconn,,C1,Proconnesos1,Pro,Pro-core,,"1,60","-1,47","3,19"
C1.23,CNR09/04,Proconn,,C1,Proconnesos1,Pro,Pro-core,,"2,00","-3,23","1,88"
C2.1s,CNR09/04,Proconn,,C2,Proconnesos1,Pro,Pro-core,,"1,90","-1,91","2,25"
C2.2s,CNR09/04,Proconn,,C2,Proconnesos1,Pro,Pro-core,,"1,90","-2,14","3,17"
C2.3s,CNR09/04,Proconn,,C2,Proconnesos1,Pro,Pro-core,,"1,60","-2,15","3,00"
C2.4s,CNR09/04,Proconn,,C2,Proconnesos1,Pro,Pro-core,,"1,80","-2,36","2,58"
C2.5s,CNR09/04,Proconn,,C2,Proconnesos1,Pro,Pro-core,,"1,80","-2,62","3,11"
C2.6s,CNR09/04,Proconn,,C2,Proconnesos1,Pro,Pro-core,,"2,10","-2,53","2,85"
C2.7s,CNR09/04,Proconn,,C2,Proconnesos1,Pro,Pro-core,,"1,80","-3,15","2,80"
C2.8s,CNR09/04,Proconn,,C2,Proconnesos1,Pro,Pro-core,,"1,70","-2,18","2,96"
C2.9s,CNR09/04,Proconn,,C2,Proconnesos1,Pro,Pro-core,,"1,50","-1,88","3,01"
C2.1d,CNR09/04,Proconn,,C2,Proconnesos1,Pro,Pro-core,,"2,10","-3,09","3,19"
C2.2d,CNR09/04,Proconn,,C2,Proconnesos1,Pro,Pro-core,,"2,20","-4,45","1,83"
C2.3d,CNR09/04,Proconn,,C2,Proconnesos1,Pro,Pro-core,,"1,90","-3,26","2,14"
C2.4d,CNR09/04,Proconn,,C2,Proconnesos1,Pro,Pro-core,,"1,90","-1,86","2,80"
C3.1s,CNR09/04,Proconn,,C3,Proconnesos1,Pro,Pro-core,,"1,60","-3,07","2,52"
C3.2s,CNR09/04,Proconn,,C3,Proconnesos1,Pro,Pro-core,,"1,80","-2,25","3,49"
C3.3s,CNR09/04,Proconn,,C3,Proconnesos1,Pro,Pro-core,,"1,50","-2,17","3,16"
C3.4s,CNR09/04,Proconn,,C3,Proconnesos1,Pro,Pro-core,,"1,80","-2,50","3,23"
C3.5s,CNR09/04,Proconn,,C3,Proconnesos1,Pro,Pro-core,,"2,40","-2,16","2,56"
C3.6s,CNR09/04,Proconn,,C3,Proconnesos1,Pro,Pro-core,,"1,80","-1,50","3,04"
C4.1,CNR09/04,Proconn,,C4,Proconnesos1,Pro,Pro-core,,"1,20","-4,27","2,65"
C4.2,CNR09/04,Proconn,,C4,Proconnesos1,Pro,Pro-core,,"1,80","-4,49","3,15"
C4.3,CNR09/04,Proconn,,C4,Proconnesos1,Pro,Pro-core,,"1,80","-3,19","2,73"
C4.4,CNR09/04,Proconn,,C4,Proconnesos1,Pro,Pro-core,,"1,90","-2,79","3,22"
C4.col1,CNR09/04,Proconn,,C4,Proconnesos1,Pro,Pro-core,,"0,60","-2,30","1,83"
C4.col2,CNR09/04,Proconn,,C4,Proconnesos1,Pro,Pro-core,,"0,70","-1,81","2,07"
C5.1s,CNR09/04,Proconn,,C5,Proconnesos2,Pro2,Pro-2,,"1,50","-8,62","2,26"
C5.2,CNR09/04,Proconn,,,Proconnesos1,Pro,Pro-core,,"1,90","-4,44","2,90"
C5.3,CNR09/04,Proconn,,,Proconnesos2,Pro2,Pro-2,,"1,30","-9,12","2,50"
C5.4,CNR09/04,Proconn,,,Proconnesos2,Pro2,Pro-2,,"1,90","-6,46","2,92"
C5.5,CNR09/04,Proconn,,,Proconnesos2,Pro2,Pro-2,,"2,10","-8,48","2,80"
C5.6,CNR09/04,Proconn,,,Proconnesos2,Pro2,Pro-2,,"1,20","-6,29","2,68"
C5.7,CNR09/04,Proconn,,,Proconnesos1,Pro,Pro-core,,"2,00","-4,96","2,35"
C5.8,CNR09/04,Proconn,,,Proconnesos1,Pro,Pro-core,,"1,90","-4,37","2,43"
C5.9,CNR09/04,Proconn,,,Proconnesos1,Pro,Pro-core,,"2,00","-3,65","3,44"
C5.10,CNR09/04,Proconn,,,Proconnesos1,Pro,Pro-core,,"1,70","-4,82","2,13"
C5.11,CNR09/04,Proconn,,,Proconnesos1,Pro,Pro-core,,"1,30","-4,79","2,67"
C5b.12,CNR09/04,Proconn,,C5b,Proconnesos1,Pro,Pro-core,,"1,40","-1,88","2,61"
C5b.13,CNR09/04,Proconn,,,Proconnesos1,Pro,Pro-core,,"1,90","-1,51","3,29"
C5b.14,CNR09/04,Proconn,,,Proconnesos1,Pro,Pro-core,,"2,10","-1,42","3,19"
C5b.15,CNR09/04,Proconn,,,Proconnesos1,Pro,Pro-core,,"1,60","-1,95","1,70"
C5t.1,CNR09/04,Proconn,,C5t,Proconnesos1,Pro,Pro-core,,"1,80","-1,91","2,51"
C5t.2,CNR09/04,Proconn,,,Proconnesos1,Pro,Pro-core,,"2,10","-1,58","2,52"
C5t.3,CNR09/04,Proconn,,,Proconnesos1,Pro,Pro-core,,"1,60","-3,04","2,70"
C5t.4,CNR09/04,Proconn,,,Proconnesos1,Pro,Pro-core,,"1,80","-2,31","3,16"
C6.1,CNR09/04,Proconn,,C6,Proconnesos1,Pro,Pro-core,,"1,70","-2,56","2,73"
C6.2,CNR09/04,Proconn,,,Proconnesos1,Pro,Pro-core,,"0,60","-2,14","3,20"
C6.3,CNR09/04,Proconn,,,Proconnesos2,Pro2,Pro-2,,"1,40","-5,97","2,33"
C6.4,CNR09/04,Proconn,,,Proconnesos1,Pro,Pro-core,,"1,70","-1,31","2,88"
C6.5,CNR09/04,Proconn,,,Proconnesos1,Pro,Pro-core,,"1,90","-1,37","3,02"
C6.6,CNR09/04,Proconn,,,Proconnesos1,Pro,Pro-core,,"0,80","-1,78","2,21"
C6.7,CNR09/04,Proconn,,,Proconnesos1,Pro,Pro-core,,"0,70","-2,01","1,47"
C6.colS,CNR09/04,Proconn,,,Proconnesos1,Pro,Pro-core,,"1,40","-4,29","1,26"
C6.colF,CNR09/04,Proconn,,,Proconnesos1,Pro,Pro-core,,"1,30","-1,40","3,05"
C6b.1,CNR09/04,Proconn,,C6b,Proconnesos1,Pro,Pro-core,,"2,00","-1,41","1,73"
C6b.2,CNR09/04,Proconn,,,Proconnesos1,Pro,Pro-core,,"1,30","-1,35","1,83"
C6b.3,CNR09/04,Proconn,,,Proconnesos1,Pro,Pro-core,,"1,30","-1,60","2,03"
C6b.4,CNR09/04,Proconn,,,Proconnesos1,Pro,Pro-core,,"1,20","-1,46","2,04"
C7.1,CNR09/04,Proconn,,C7,Proconnesos1,Pro,Pro-core,,"1,30","-2,08","2,97"
C7.2,CNR09/04,Proconn,,,Proconnesos1,Pro,Pro-core,,"1,40","-1,86","2,71"
C7.3,CNR09/04,Proconn,,,Proconnesos1,Pro,Pro-core,,"1,30","-1,53","2,73"
C7.4,CNR09/04,Proconn,,,Proconnesos1,Pro,Pro-core,,"2,00","-1,74","2,95"
C7i.1,CNR09/04,Proconn,,C7i,Proconnesos1,Pro,Pro-core,,"2,00","-1,40","2,68"
C7i.2,CNR09/04,Proconn,,,Proconnesos1,Pro,Pro-core,,"1,70","-1,36","2,85"
C7i.3,CNR09/04,Proconn,,,Proconnesos1,Pro,Pro-core,,"1,00","-1,93","2,36"
C7i.4,CNR09/04,Proconn,,,Proconnesos1,Pro,Pro-core,,"1,70","-2,00","2,56"
C7i.5,CNR09/04,Proconn,,,Proconnesos1,Pro,Pro-core,,"1,50","-1,92","3,04"
C7i.6,CNR09/04,Proconn,,,Proconnesos1,Pro,Pro-core,,"0,50","-1,86","2,82"
C7i.7,CNR09/04,Proconn,,,Proconnesos1,Pro,Pro-core,,"1,30","-1,86","3,08"
C7i.8,CNR09/04,Proconn,,,Proconnesos1,Pro,Pro-core,,"0,80","-3,38","3,14"
C8.1,CNR09/04,Proconn,,C8,Proconnesos1,Pro,Pro-core,,"1,30","-3,42","1,88"
C8.1b,CNR09/04,Proconn,,,Proconnesos1,Pro,Pro-core,,"1,50","-1,59","1,68"
C8.2,CNR09/04,Proconn,,,Proconnesos1,Pro,Pro-core,,"1,80","-2,36","1,94"
C8.3,CNR09/04,Proconn,,,Proconnesos1,Pro,Pro-core,,"0,80","-2,93","2,20"
C8.4,CNR09/04,Proconn,,,Proconnesos1,Pro,Pro-core,,"1,50","-3,83","2,24"
C8.5,CNR09/04,Proconn,,,Proconnesos1,Pro,Pro-core,,"1,10","-1,52","1,56"
C8.6,CNR09/04,Proconn,,,Proconnesos1,Pro,Pro-core,,"1,30","-2,16","2,47"
C9.1,CNR09/04,Proconn,,C9,Proconnesos1,Pro,Pro-core,,"1,50","-3,87","2,05"
C9.2,CNR09/04,Proconn,,,Proconnesos1,Pro,Pro-core,,"1,50","-4,00","2,83"
C9.3,CNR09/04,Proconn,,,Proconnesos1,Pro,Pro-core,,"1,00","-2,77","2,72"
C10.1,CNR09/04,Proconn,,C10,Proconnesos1,Pro,Pro-core,,"1,50","-3,93","3,30"
C10.2,CNR09/04,Proconn,,,Proconnesos1,Pro,Pro-core,,"1,70","-4,91","3,40"
C10.3,CNR09/04,Proconn,,,Proconnesos1,Pro,Pro-core,,"1,60","-1,98","2,83"
C10.4,CNR09/04,Proconn,,,Proconnesos1,Pro,Pro-core,,"0,80","-4,50","3,09"
C10.5,CNR09/04,Proconn,,,Proconnesos1,Pro,Pro-core,,"1,80","-2,46","2,15"
C10.6,CNR09/04,Proconn,,,Proconnesos1,Pro,Pro-core,,"1,60","-1,84","3,12"
C10.7,CNR09/04,Proconn,,,Proconnesos1,Pro,Pro-core,,"1,70","-2,21","3,30"
C10.8,CNR09/04,Proconn,,,Proconnesos1,Pro,Pro-core,,"0,80","-1,99","3,25"
C10.9,CNR09/04,Proconn,,,Proconnesos1,Pro,Pro-core,,"0,60","-2,34","3,61"
C11.1,CNR09/04,Proconn,,C11,Proconnesos1,Pro,Pro-core,,"0,90","-2,36","1,32"
C11.2,CNR09/04,Proconn,,,Proconnesos1,Pro,Pro-core,,"2,10","-2,72","2,55"
C11.3,CNR09/04,Proconn,,,Proconnesos1,Pro,Pro-core,,"1,80","-1,48","3,13"
C11.4,CNR09/04,Proconn,,,Proconnesos1,Pro,Pro-core,,"1,00","-4,32","-0,48"
C11.5,CNR09/04,Proconn,,,Proconnesos1,Pro,Pro-core,,"1,60","-2,49","2,08"
C11.6,CNR09/04,Proconn,,,Proconnesos1,Pro,Pro-core,,"1,70","-1,86","3,12"
C12.1,CNR09/04,Proconn,,C12,Proconnesos1,Pro,Pro-core,,"1,70","-1,70","3,24"
C12.2,CNR09/04,Proconn,,,Proconnesos1,Pro,Pro-core,,"0,60","-1,65","3,11"
C12.3,CNR09/04,Proconn,,,Proconnesos1,Pro,Pro-core,,"2,00","-1,75","3,20"
C12.4,CNR09/04,Proconn,,,Proconnesos1,Pro,Pro-core,,"2,00","-2,08","3,16"
C12.5,CNR09/04,Proconn,,,Proconnesos1,Pro,Pro-core,,"1,30","-1,72","2,76"
C12.6,CNR09/04,Proconn,,,Proconnesos1,Pro,Pro-core,,"2,20","-1,67","2,95"
C12.7,CNR09/04,Proconn,,,Proconnesos2,Pro2,Pro-2,,"1,40","-5,82","2,62"
C12s.1,CNR09/04,Proconn,,C12s,Proconnesos1,Pro,Pro-core,,"1,50","-2,29","3,27"
C12s.2,CNR09/04,Proconn,,,Proconnesos1,Pro,Pro-core,,"0,70","-2,28","2,59"
C12s.3,CNR09/04,Proconn,,,Proconnesos1,Pro,Pro-core,,"1,50","-1,46","3,58"
C12s.4,CNR09/04,Proconn,,,Proconnesos1,Pro,Pro-core,,"1,80","-1,91","2,98"
C12s.5,CNR09/04,Proconn,,,Proconnesos1,Pro,Pro-core,,"1,40","-2,03","2,96"
C13.1,CNR09/04,Proconn,,C13,Proconnesos1,Pro,Pro-core,,"0,70","-1,77","1,88"
C13.2,CNR09/04,Proconn,,,Proconnesos1,Pro,Pro-core,,"1,30","-1,52","2,79"
C13.3,CNR09/04,Proconn,,,Proconnesos1,Pro,Pro-core,,"2,10","-1,63","3,25"
C13.4,CNR09/04,Proconn,,,Proconnesos1,Pro,Pro-core,,"1,60","-1,48","2,71"
C13.5,CNR09/04,Proconn,,,Proconnesos1,Pro,Pro-core,,"0,80","-3,23","3,35"
C13.6,CNR09/04,Proconn,,,Proconnesos1,Pro,Pro-core,,"1,30","-1,84","2,24"
c14.1,CNR09/04,Proconn,,C14,Proconnesos1,Pro,Pro-core,,"1,80","-1,53","3,50"
C14.2,CNR09/04,Proconn,,,Proconnesos1,Pro,Pro-core,,"1,60","-2,51","2,76"
C14.3,CNR09/04,Proconn,,,Proconnesos1,Pro,Pro-core,,"2,10","-2,69","2,48"
C14.4,CNR09/04,Proconn,,,Proconnesos1,Pro,Pro-core,,"1,00","-2,26","2,47"
C14.5,CNR09/04,Proconn,,,Proconnesos1,Pro,Pro-core,,"0,80","-1,90","3,08"
C14.6,CNR09/04,Proconn,,,Proconnesos1,Pro,Pro-core,,"2,10","-1,90","3,01"
C14.7,CNR09/04,Proconn,,,Proconnesos1,Pro,Pro-core,,"1,80","-1,44","2,11"
C14.8,CNR09/04,Proconn,,,Proconnesos1,Pro,Pro-core,,"2,00","-1,58","3,15"
C14.9,CNR09/04,Proconn,,,Proconnesos1,Pro,Pro-core,,"1,70","-2,58","2,48"
C15.1,CNR09/04,Proconn,,C15,Proconnesos1,Pro,Pro-core,,"1,90","-1,93","2,96"
C15.2,CNR09/04,Proconn,,,Proconnesos1,Pro,Pro-core,,"1,90","-3,40","2,92"
C15.3,CNR09/04,Proconn,,,Proconnesos1,Pro,Pro-core,,"2,00","-1,91","2,86"
C15.4,CNR09/04,Proconn,,,Proconnesos1,Pro,Pro-core,,"1,70","-2,23","2,87"
C15.5,CNR09/04,Proconn,,,Proconnesos1,Pro,Pro-core,,"1,40","-3,66","0,80"
C15.6,CNR09/04,Proconn,,,Proconnesos1,Pro,Pro-core,,"1,70","-2,22","2,82"
C16.1,CNR09/04,Proconn,,C16,Proconnesos1,Pro,Pro-core,,"1,00","-4,36","3,28"
C16.2,CNR09/04,Proconn,,,Proconnesos1,Pro,Pro-core,,"2,00","-2,91","3,03"
C16.3,CNR09/04,Proconn,,,Proconnesos1,Pro,Pro-core,,"1,70","-3,00","3,30"
C16.4,CNR09/04,Proconn,,,Proconnesos1,Pro,Pro-core,,"0,60","-3,93","2,66"
C16.5,CNR09/04,Proconn,,,Proconnesos1,Pro,Pro-core,,"1,60","-1,94","3,02"
C16.6,CNR09/04,Proconn,,,Proconnesos1,Pro,Pro-core,,"1,80","-4,82","3,15"
M1.1,CNR09/04,Proconn,,M1,Proconnesos1,Pro,Pro-core,,"1,40","-3,42","3,45"
M1.1b,CNR09/04,Proconn,,,Proconnesos1,Pro,Pro-core,,"1,00","-2,32","3,38"
M1.2,CNR09/04,Proconn,,,Proconnesos2,Pro2,Pro-2,,"1,30","-7,23","2,64"
M1.3,CNR09/04,Proconn,,,Proconnesos1,Pro,Pro-core,,"1,80","-0,61","2,45"
M1.4,CNR09/04,Proconn,,,Proconnesos1,Pro,Pro-core,,"2,00","-3,18","2,48"
M1.5,CNR09/04,Proconn,,,Proconnesos1,Pro,Pro-core,,"1,40","-1,04","2,51"
M1.6,CNR09/04,Proconn,,,Proconnesos2,Pro2,Pro-2,,"1,40","-6,86","2,43"
M1.7,CNR09/04,Proconn,,,Proconnesos1,Pro,Pro-core,,"2,00","-2,73","2,34"
M1.8,CNR09/04,Proconn,,,Proconnesos1,Pro,Pro-core,,"1,60","-1,41","2,67"
M1.9,CNR09/04,Proconn,,,Proconnesos1,Pro,Pro-core,,"1,50","-2,97","2,63"
M1.9b,CNR09/04,Proconn,,,Proconnesos1,Pro,Pro-core,,"1,60","-3,75","2,44"
M1.9t,CNR09/04,Proconn,,,Proconnesos1,Pro,Pro-core,,"1,70","-2,56","2,61"
M1.10,CNR09/04,Proconn,,,Proconnesos1,Pro,Pro-core,,"1,80","-0,86","2,46"
M1.11,CNR09/04,Proconn,,,Proconnesos1,Pro,Pro-core,,"1,50","-1,74","2,81"
M1.12,CNR09/04,Proconn,,,Proconnesos1,Pro,Pro-core,,"1,70","-0,84","2,68"
M1.13,CNR09/04,Proconn,,,Proconnesos1,Pro,Pro-core,,"1,60","-0,77","2,66"
M1.14,CNR09/04,Proconn,,,Proconnesos1,Pro,Pro-core,,"1,10","-2,03","2,78"
M1.14b,CNR09/04,Proconn,,,Proconnesos1,Pro,Pro-core,,"1,80","-0,52","2,59"
M1.14t,CNR09/04,Proconn,,,Proconnesos1,Pro,Pro-core,,"1,40","-1,68","2,65"
M1.15,CNR09/04,Proconn,,,Proconnesos1,Pro,Pro-core,,"1,70","-1,94","2,56"
M1.16,CNR09/04,Proconn,,,Proconnesos1,Pro,Pro-core,,"1,70","-1,53","2,75"
M1.17,CNR09/04,Proconn,,,Proconnesos1,Pro,Pro-core,,"0,90","-1,64","2,84"
M1.18,CNR09/04,Proconn,,,Proconnesos1,Pro,Pro-core,,"1,80","-1,82","3,46"
M1.19,CNR09/04,Proconn,,,Proconnesos1,Pro,Pro-core,,"1,10","-4,51","2,67"
M1.19b,CNR09/04,Proconn,,,Proconnesos1,Pro,Pro-core,,"1,30","-3,52","2,75"
M1.20,CNR09/04,Proconn,,,Proconnesos1,Pro,Pro-core,,"1,40","-2,09","2,72"
M1.21,CNR09/04,Proconn,,,Proconnesos1,Pro,Pro-core,,"1,70","-1,73","3,65"
M1.21b,CNR09/04,Proconn,,,Proconnesos1,Pro,Pro-core,,"2,00","-1,78","3,70"
M1.22,CNR09/04,Proconn,,,Proconnesos1,Pro,Pro-core,,"1,80","-1,48","2,50"
M1.22b,CNR09/04,Proconn,,,Proconnesos1,Pro,Pro-core,,"1,50","-4,47","2,92"
M2.1,CNR09/04,Proconn,,M2,Proconnesos1,Pro,Pro-core,,"2,40","-1,70","3,19"
M2.2,CNR09/04,Proconn,,,Proconnesos2,Pro2,Pro-2,,"1,90","-5,76","2,36"
M2.3,CNR09/04,Proconn,,,Proconnesos1,Pro,Pro-core,,"0,60","-1,94","2,26"
M2.3b,CNR09/04,Proconn,,,Proconnesos1,Pro,Pro-core,,"0,70","-3,33","3,03"
M2.4,CNR09/04,Proconn,,,Proconnesos1,Pro,Pro-core,,"0,80","-2,09","3,45"
M2.5,CNR09/04,Proconn,,,Proconnesos1,Pro,Pro-core,,"1,90","-2,45","2,18"
M2.6,CNR09/04,Proconn,,,Proconnesos1,Pro,Pro-core,,"1,80","-4,44","2,79"
M2.7,CNR09/04,Proconn,,,Proconnesos1,Pro,Pro-core,,"1,50","-2,11","3,20"
M2.8,CNR09/04,Proconn,,,Proconnesos1,Pro,Pro-core,,"1,80","-1,00","2,69"
M2.9,CNR09/04,Proconn,,,Proconnesos1,Pro,Pro-core,,"1,90","-1,58","2,49"
M2.10,CNR09/04,Proconn,,,Proconnesos1,Pro,Pro-core,,"1,80","-2,22","2,44"
M2.10b,CNR09/04,Proconn,,,Proconnesos1,Pro,Pro-core,,"1,90","-2,21","2,44"
M2.11,CNR09/04,Proconn,,,Proconnesos1,Pro,Pro-core,,"2,50","-2,78","2,57"
M3.1,CNR09/04,Proconn,,M3,Proconnesos1,Pro,Pro-core,,"1,40","-2,04","2,79"
M3.1b,CNR09/04,Proconn,,,Proconnesos1,Pro,Pro-core,,"1,50","-1,86","2,88"
M3.2,CNR09/04,Proconn,,,Proconnesos1,Pro,Pro-core,,"1,90","-1,82","2,35"
M3.3,CNR09/04,Proconn,,,Proconnesos1,Pro,Pro-core,,"1,90","-2,74","2,88"
M3.3b,CNR09/04,Proconn,,,Proconnesos1,Pro,Pro-core,,"2,00","-2,07","3,36"
M3.4,CNR09/04,Proconn,,,Proconnesos1,Pro,Pro-core,,"2,00","-2,49","3,09"
M3.5,CNR09/04,Proconn,,,Proconnesos1,Pro,Pro-core,,"1,60","-1,02","3,49"
M3.6,CNR09/04,Proconn,,,Proconnesos1,Pro,Pro-core,,"1,80","-0,76","3,17"
M3.6b,CNR09/04,Proconn,,,Proconnesos1,Pro,Pro-core,,"1,90","-0,81","3,30"
M3.7,CNR09/04,Proconn,,,Proconnesos1,Pro,Pro-core,,"2,50","-2,27","2,74"
M3.8,CNR09/04,Proconn,,,Proconnesos1,Pro,Pro-core,,"2,00","-2,04","3,26"
M4.1,CNR09/04,Proconn,,M4,Proconnesos1,Pro,Pro-core,,"1,10","-2,07","3,28"
M4.2,CNR09/04,Proconn,,,Proconnesos1,Pro,Pro-core,,"2,00","-0,59","2,68"
M4.3,CNR09/04,Proconn,,,Proconnesos1,Pro,Pro-core,,"1,00","-1,41","3,23"
M4.4,CNR09/04,Proconn,,,Proconnesos1,Pro,Pro-core,,"1,90","-0,60","2,81"
M4.5,CNR09/04,Proconn,,,Proconnesos1,Pro,Pro-core,,"0,90","-2,60","3,91"
M4.6,CNR09/04,Proconn,,,Proconnesos1,Pro,Pro-core,,"1,70","-0,83","2,64"
M4.7,CNR09/04,Proconn,,,Proconnesos1,Pro,Pro-core,,"1,80","-0,67","2,80"
M5.3,CNR09/04,Proconn,,,Proconnesos1,Pro,Pro-core,,"2,00","-3,80","2,51"
M5.4,CNR09/04,Proconn,,,Proconnesos2,Pro2,Pro-2,,"1,80","-5,80","2,81"
M5.5,CNR09/04,Proconn,,,Proconnesos1,Pro,Pro-core,,"1,70","-1,12","2,32"
M5.6,CNR09/04,Proconn,,,Proconnesos1,Pro,Pro-core,,"1,60","-1,17","2,87"
M5.7,CNR09/04,Proconn,,,Proconnesos1,Pro,Pro-core,,"2,00","-2,68","2,50"
M5.8,CNR09/04,Proconn,,,Proconnesos1,Pro,Pro-core,,"1,70","-2,69","1,81"
M5.8b,CNR09/04,Proconn,,,Proconnesos1,Pro,Pro-core,,"0,50","-3,94","-0,89"
M5.9,CNR09/04,Proconn,,,Proconnesos1,Pro,Pro-core,,"0,50","-1,22","3,20"
M6.1,CNR09/04,Proconn,,M6,Proconnesos1,Pro,Pro-core,,"1,40","-3,39","2,30"
M6.2,CNR09/04,Proconn,,,Proconnesos1,Pro,Pro-core,,"0,40","-1,05","2,12"
M6.3,CNR09/04,Proconn,,,Proconnesos1,Pro,Pro-core,,"1,70","-2,26","3,44"
M6.4,CNR09/04,Proconn,,,Proconnesos1,Pro,Pro-core,,"1,40","-2,37","1,73"
M6.5,CNR09/04,Proconn,,,Proconnesos1,Pro,Pro-core,,"1,90","-2,49","3,09"
M6.6,CNR09/04,Proconn,,,Proconnesos1,Pro,Pro-core,,"1,80","-1,96","2,84"
M6.7,CNR09/04,Proconn,,,Proconnesos1,Pro,Pro-core,,"1,90","-1,17","3,32"
M6.8,CNR09/04,Proconn,,,Proconnesos1,Pro,Pro-core,,"1,30","-2,59","1,98"
M6.9,CNR09/04,Proconn,,,Proconnesos1,Pro,Pro-core,,"1,00","-1,63","3,00"
M6.10,CNR09/04,Proconn,,,Proconnesos1,Pro,Pro-core,,"1,70","-3,80","3,13"
M6.11,CNR09/04,Proconn,,,Proconnesos1,Pro,Pro-core,,"2,10","-3,65","1,84"
M6.12,CNR09/04,Proconn,,,Proconnesos1,Pro,Pro-core,,"0,50","-1,77","3,88"
M6.13,CNR09/04,Proconn,,,Proconnesos1,Pro,Pro-core,,"0,50","-2,00","3,09"
M6.14,CNR09/04,Proconn,,,Proconnesos1,Pro,Pro-core,,"1,60","-2,01","3,23"
Th25,Pens5/97,Thasos,AlikiA,AlikiA1,ThasosAl,Thasos,Thasos,,"3,50","-0,33","3,41"
Th26,Pens5/97,Thasos,AlikiA,AlikiA2,ThasosAl,Thasos,Thasos,,"4,50","-1,36","3,24"
Th27,Pens5/97,Thasos,AlikiA,AliA4/6,ThasosAl,Thasos,Thasos,,"4,00","-0,22","3,25"
Th28,Pens5/97,Thasos,AlikiA,AlikiA10,ThasosAl,Thasos,Thasos,,"3,50","-0,78","3,26"
A1,CNR04/00,Thasos,AlikiA,AlikiA,ThasosAl,Thasos,Thasos,,"3,40","-0,62","3,06"
A2,CNR04/00,Thasos,AlikiA,AlikiA,ThasosAl,Thasos,Thasos,,"3,10","-0,07","3,00"
A3,CNR04/00,Thasos,AlikiA,AlikiA,ThasosAl,Thasos,Thasos,,"2,40","-0,08","3,20"
A4,CNR04/00,Thasos,AlikiA,AlikiA,ThasosAl,Thasos,Thasos,,"4,00","-0,06","3,11"
A5,CNR04/00,Thasos,AlikiA,AlikiA,ThasosAl,Thasos,Thasos,,"4,30","0,21","2,92"
A6,CNR04/00,Thasos,AlikiA,AlikiA,ThasosAl,Thasos,Thasos,,"2,50","0,32","3,29"
A7,CNR04/00,Thasos,AlikiA,AlikiA,ThasosAl,Thasos,Thasos,,"3,80","-0,04","2,97"
A8,CNR04/00,Thasos,AlikiA,AlikiA,ThasosAl,Thasos,Thasos,,"3,60","-0,25","2,99"
B1.1,CNR04/00,Thasos,AlikiB,AlikiB1,ThasosAl,Thasos,Thasos,,"3,80","-0,11","2,97"
B1.3,CNR04/00,Thasos,AlikiB,AlikiB1,ThasosAl,Thasos,Thasos,,"4,50","-0,68","2,87"
Th24,Pens5/97,Thasos,AlikiB,AlikiB2,ThasosAl,Thasos,Thasos,,"3,50","-0,88","3,11"
B2.1,CNR04/00,Thasos,AlikiB,AlikiB2,ThasosAl,Thasos,Thasos,,"4,00","-0,22","2,96"
B2.2,CNR04/00,Thasos,AlikiB,AlikiB2,ThasosAl,Thasos,Thasos,,"3,10","0,15","2,79"
B2.3,CNR04/00,Thasos,AlikiB,AlikiB2,ThasosAl,Thasos,Thasos,,"4,50","-0,32","2,80"
Th22,Pens5/97,Thasos,AlikiB,AlikiB3,ThasosAl,Thasos,Thasos,,"5,50","0,15","3,40"
Th23,Pens5/97,Thasos,AlikiB,AlikiB3,ThasosAl,Thasos,Thasos,,"3,00","-0,31","3,42"
B3.1,CNR04/00,Thasos,AlikiB,AlikiB3,ThasosAl,Thasos,Thasos,,"3,10","-1,42","3,06"
B3.2,CNR04/00,Thasos,AlikiB,AlikiB3,ThasosAl,Thasos,Thasos,,"3,40","0,42","3,14"
B3.3,CNR04/00,Thasos,AlikiB,AlikiB3,ThasosAl,Thasos,Thasos,,"3,20","0,28","3,16"
B4.1,CNR04/00,Thasos,AlikiB,AlikiB4,ThasosAl,Thasos,Thasos,,"4,00","0,42","3,18"
B4.2,CNR04/00,Thasos,AlikiB,AlikiB4,ThasosAl,Thasos,Thasos,,"3,50","-0,03","2,90"
B5.1,CNR04/00,Thasos,AlikiB,AlikiB5,ThasosAl,Thasos,Thasos,,"4,10","-0,17","2,80"
B5.2,CNR04/00,Thasos,AlikiB,AlikiB5,ThasosAl,Thasos,Thasos,,"3,00","-0,15","2,96"
B5.3,CNR04/00,Thasos,AlikiB,AlikiB5,ThasosAl,Thasos,Thasos,,"3,30","0,37","3,26"
Th17,Pens5/97,Thasos,AlikiB,AlikiB6,ThasosAl,Thasos,Thasos,,"3,00","-0,24","3,27"
Th18,Pens5/97,Thasos,AlikiB,AlikiB6,ThasosAl,Thasos,Thasos,,"4,00","-0,35","3,06"
Th19,Pens5/97,Thasos,AlikiB,AlikiB6,ThasosAl,Thasos,Thasos,,"4,00","-1,71","3,36"
B6.1,CNR04/00,Thasos,AlikiB,AlikiB6,ThasosAl,Thasos,Thasos,,"3,60","0,10","2,95"
B6.3,CNR04/00,Thasos,AlikiB,AlikiB6,ThasosAl,Thasos,Thasos,,"4,00","-0,08","2,99"
B6.4,CNR04/00,Thasos,AlikiB,AlikiB6,ThasosAl,Thasos,Thasos,,"3,50","0,03","2,76"
B7.1,CNR04/00,Thasos,AlikiB,AlikiB7,ThasosAl,Thasos,Thasos,,"3,70","0,10","3,11"
Th15,Pens5/97,Thasos,AlikiB,AlikiB7,ThasosAl,Thasos,Thasos,,"4,00","-0,12","2,94"
Th16,Pens5/97,Thasos,AlikiB,AlikiB7,ThasosAl,Thasos,Thasos,,"4,00","-0,12","3,09"
B7.2,CNR04/00,Thasos,AlikiB,AlikiB7,ThasosAl,Thasos,Thasos,,"3,50","0,17","2,66"
B7.3,CNR04/00,Thasos,AlikiB,AlikiB7,ThasosAl,Thasos,Thasos,,"2,60","-0,69","2,82"
Th12,Pens5/97,Thasos,AlikiB,AlikiB8,ThasosAl,Thasos,Thasos,,"3,50","0,26","3,24"
Th13,Pens5/97,Thasos,AlikiB,AlikiB8,ThasosAl,Thasos,Thasos,,"3,00","-0,12","3,42"
Th14,Pens5/97,Thasos,AlikiB,AlikiB8,ThasosAl,Thasos,Thasos,,"3,50","-0,28","3,47"
B8.1,CNR04/00,Thasos,AlikiB,AlikiB8,ThasosAl,Thasos,Thasos,,"3,40","-0,58","2,75"
B8.2,CNR04/00,Thasos,AlikiB,AlikiB8,ThasosAl,Thasos,Thasos,,"3,00","-0,15","2,84"
Th10,Pens5/97,Thasos,AlikiB,AlikiB9,ThasosAl,Thasos,Thasos,,"4,00","0,52","3,64"
Th11,Pens5/97,Thasos,AlikiB,AlikiB9,ThasosAl,Thasos,Thasos,,"3,50","0,08","3,37"
B9.1,CNR04/00,Thasos,AlikiB,AlikiB9,ThasosAl,Thasos,Thasos,,"3,10","-0,38","3,60"
B9.2,CNR04/00,Thasos,AlikiB,AlikiB9,ThasosAl,Thasos,Thasos,,"3,50","-2,51","3,34"
Th7,Pens5/97,Thasos,AlikiB,AlikiB10,ThasosAl,Thasos,Thasos,,"4,50","-0,71","3,58"
Th8,Pens5/97,Thasos,AlikiB,AlikiB10,ThasosAl,Thasos,Thasos,,"4,50","-0,23","3,54"
B10.1,CNR04/00,Thasos,AlikiB,AlikiB10,ThasosAl,Thasos,Thasos,,"4,50","0,30","3,06"
B10.2,CNR04/00,Thasos,AlikiB,AlikiB10,ThasosAl,Thasos,Thasos,,"3,60","-0,24","2,99"
B10.3,CNR04/00,Thasos,AlikiB,AlikiB10,ThasosAl,Thasos,Thasos,,"3,70","-0,58","3,20"
B11.1,CNR04/00,Thasos,AlikiB,AlikiB11,ThasosAl,Thasos,Thasos,,"3,00","0,02","3,47"
B11.2,CNR04/00,Thasos,AlikiB,AlikiB11,ThasosAl,Thasos,Thasos,,"3,50","-0,32","3,43"
Th5,Pens5/97,Thasos,AlikiB,AlikiB11,ThasosAl,Thasos,Thasos,,"4,50","-0,46","3,60"
Th6,Pens5/97,Thasos,AlikiB,AlikiB11,ThasosAl,Thasos,Thasos,,"4,50","-2,95","3,43"
Th1,Pens5/97,Thasos,AlikiC,AlikiC,ThasosAl,Thasos,Thasos,,"5,00","-0,60","3,09"
Th2,Pens5/97,Thasos,AlikiC,AlikiC,ThasosAl,Thasos,Thasos,,"4,00","-0,53","3,04"
Th3,Pens5/97,Thasos,AlikiC,AlikiC,ThasosAl,Thasos,Thasos,,"4,00","-0,18","2,60"
Th4,Pens5/97,Thasos,AlikiC,AlikiC,ThasosAl,Thasos,Thasos,,"5,00","-1,16","2,95"
AC2,CNR04/00,Thasos,AlikiC,AlikiC,ThasosAl,Thasos,Thasos,,"3,20","-1,24","2,66"
AC3,CNR04/00,Thasos,AlikiC,AlikiC,ThasosAl,Thasos,Thasos,,"3,10","-0,80","2,75"
AC4,CNR04/00,Thasos,AlikiC,AlikiC,ThasosAl,Thasos,Thasos,,"3,60","-0,61","2,84"
v8,DBPens,Thasos,Thasos,Thasos,ThasosAl,Thasos,Thasos,,"5,00","0,07","2,99"
v14,DBPens,Thasos,Thasos,Thasos,ThasosAl,Thasos,Thasos,,"4,00","-0,03","2,72"
v72,DBPens,Thasos,Thasos,Thasos,ThasosAl,Thasos,Thasos,,"4,50","-3,03","2,57"